Workbook

Sheet Стан БГ
A1: Рівень натренованості льотного складу
A2: Стан на: | C2: 46058
A3: № п/п | B3: Посада | C3: П.І.Б. | D3: Військова класність | E3: Випробувальна класність | G3: Наявність | H3: Тип ЛА | I3: Перерви за МУ | U3: Перевірки за видами ЛП | AM3: Таблиця комісування | AW3: Перерви за видами ЛП
I4: День | O4: Ніч
I5: ПМУ | K5: СМУ | M5: ВМП | O5: ПМУ | Q5: СМУ | S5: ВМП
U6: Методика льотних випробувань | W6: Техніка пілотування | Y6: Захід на посадку за приладами | AA6: ТП за дублюючими приладами | AC6: ТП з ІВД | AE6: Повітряна навігація | AG6: Бойове застосівання | AI6: З інструкторського | AK6: З льотної підготовки | AM6: Аварійне залишення | AO6: Ст. 205 ПРІАЗ | AQ6: ЛЛК / УМО | AS6: Відпустка | AU6: Стрибки з парашютом | AW6: Складний пілотаж | AY6: ТП та навігація на малих висотах | BA6: ТП та навігація на ГМВ (з викор ОНБ) | BC6: Бойове застосування | BE6: Групова злітаність | BG6: Польоти на десантування | BI6: Політ на РСНГ
A8: Допустимі перерви | D8: 1 | I8: 107 | J8: 3,5 | K8: 92 | L8: 3,0 | M8: 77 | N8: 2,5 | O8: 92 | P8: 3,0 | Q8: 77 | R8: 2,5 | S8: 61 | T8: 2,0 | U8: 365 | V8: 12 | W8: 365 | X8: 12 | Y8: 365 | Z8: 12 | AA8: 365 | AB8: 12 | AC8: 365 | AD8: 12 | AE8: 365 | AF8: 12 | AG8: 365 | AH8: 12 | AI8: 365 | AJ8: 12 | AK8: 365 | AL8: 12 | AM8: 365 | AN8: 12 | AO8: 184 | AP8: 6 | AQ8: 365 | AR8: 12 | AS8: 365 | AT8: 12 | AU8: 1095 | AV8: 36 | AW8: 365 | AX8: 12 | AY8: 365 | AZ8: 12 | BA8: 122 | BB8: 4 | BC8: 184 | BD8: 6 | BE8: 184 | BF8: 6 | BG8: 365 | BH8: 12 | BI8: 184 | BJ8: 6
D9: 2 | I9: 92 | J9: 3,0 | K9: 77 | L9: 2,5 | M9: 61 | N9: 2,0 | O9: 77 | P9: 2,5 | Q9: 61 | R9: 2,0 | S9: 46 | T9: 1,5 | U9: 365 | V9: 12 | W9: 365 | X9: 12 | Y9: 365 | Z9: 12 | AA9: 365 | AB9: 12 | AC9: 365 | AD9: 12 | AE9: 365 | AF9: 12 | AG9: 365 | AH9: 12 | AI9: 365 | AJ9: 12 | AK9: 365 | AL9: 12 | AM9: 365 | AN9: 12 | AO9: 184 | AP9: 6 | AQ9: 365 | AR9: 12 | AS9: 365 | AT9: 12 | AU9: 1095 | AV9: 36 | AW9: 365 | AX9: 12 | AY9: 365 | AZ9: 12 | BA9: 122 | BB9: 4 | BC9: 184 | BD9: 6 | BE9: 184 | BF9: 6 | BG9: 365 | BH9: 12 | BI9: 184 | BJ9: 6
D10: 3 | I10: 76 | J10: 2,5 | K10: 61 | L10: 2 | M10: 46 | N10: 1,5 | O10: 61 | P10: 2 | Q10: 46 | R10: 1,5 | S10: 30 | T10: 1 | U10: 365 | V10: 12 | W10: 365 | X10: 12 | Y10: 365 | Z10: 12 | AA10: 365 | AB10: 12 | AC10: 365 | AD10: 12 | AE10: 365 | AF10: 12 | AG10: 365 | AH10: 12 | AI10: 365 | AJ10: 12 | AK10: 365 | AL10: 12 | AM10: 365 | AN10: 12 | AO10: 184 | AP10: 6 | AQ10: 365 | AR10: 12 | AS10: 365 | AT10: 12 | AU10: 1095 | AV10: 36 | AW10: 365 | AX10: 12 | AY10: 365 | AZ10: 12 | BA10: 122 | BB10: 4 | BC10: 184 | BD10: 6 | BE10: 184 | BF10: 6 | BG10: 365 | BH10: 12 | BI10: 184 | BJ10: 6
A11: 1 | B11: Заст нач. ДНДІ з ЛП | D11: 1 | E11: 1 | F11: 2 | H11: Су-24 | I11: 1 | J11: =IF(OR(J13=1,J13=2),1,0) -> 0 | K11: 1 | L11: =IF(OR(L13=1,L13=2),1,0) -> 0 | M11: 1 | N11: =IF(OR(N13=1,N13=2),1,0) -> 0 | O11: 1 | P11: =IF(OR(P13=1,P13=2),1,0) -> 0 | Q11: 1 | R11: =IF(OR(R13=1,R13=2),1,0) -> 0 | S11: 1 | T11: =IF(OR(T13=1,T13=2),1,0) -> 0
C12: п-к Чиж С.Т. | I12: =IF($D11=1,I$8,IF($D11=2,I$9,I$10)) -> 107 | J12: {=IF(MAX(IF((Main!$D$6:$D$798="ДПМУ")*(Main!$B$6:$B$798='Стан БГ'!C12)*(Main!$C$6:$C$798='Стан БГ'!H11),Main!$A$6:$A$798,0),L12,N12,P12,R12,T12)>0,MAX(IF((Main!$D$6:$D$798="ДПМУ")*(Main!$B$6:$B$798='Стан БГ'!C12)*(Main!$C$6:$C$798='Стан БГ'!H11),Main!$A$6:$A$798,0),L12,N12,P12,R12,T12),"")} | K12: =IF($D11=1,K$8,IF($D11=2,K$9,K$10)) -> 92 | L12: {=IF(MAX(IF((Main!$D$6:$D$798="ДСМУ")*(Main!$B$6:$B$798='Стан БГ'!C12)*(Main!$C$6:$C$798='Стан БГ'!H11),Main!$A$6:$A$798,0),N12,R12,T12)>0,MAX(IF((Main!$D$6:$D$798="ДСМУ")*(Main!$B$6:$B$798='Стан БГ'!C12)*(Main!$C$6:$C$798='Стан БГ'!H11),Main!$A$6:$A$798,0),N12,R12,T12),"")} | M12: =IF($D11=1,M$8,IF($D11=2,M$9,M$10)) -> 77 | N12: {=IF(MAX(IF((Main!$D$6:$D$798="ДВМП")*(Main!$B$6:$B$798='Стан БГ'!C12)*(Main!$C$6:$C$798='Стан БГ'!H11),Main!$A$6:$A$798,0),T12)>0,MAX(IF((Main!$D$6:$D$798="ДВМП")*(Main!$B$6:$B$798='Стан БГ'!C12)*(Main!$C$6:$C$798='Стан БГ'!H11),Main!$A$6:$A$798,0),T12),"")} | O12: =IF($D11=1,O$8,IF($D11=2,O$9,O$10)) -> 92 | P12: {=IF(MAX(IF((Main!$D$6:$D$798="НПМУ")*(Main!$B$6:$B$798='Стан БГ'!C12)*(Main!$C$6:$C$798='Стан БГ'!H11),Main!$A$6:$A$798,0),R12,T12)>0,MAX(IF((Main!$D$6:$D$798="НПМУ")*(Main!$B$6:$B$798='Стан БГ'!C12)*(Main!$C$6:$C$798='Стан БГ'!H11),Main!$A$6:$A$798,0),R12,T12),"")} | Q12: =IF($D11=1,Q$8,IF($D11=2,Q$9,Q$10)) -> 77 | R12: {=IF(MAX(IF((Main!$D$6:$D$798="НСМУ")*(Main!$B$6:$B$798='Стан БГ'!C12)*(Main!$C$6:$C$798='Стан БГ'!H11),Main!$A$6:$A$798,0),T12)>0,MAX(IF((Main!$D$6:$D$798="НСМУ")*(Main!$B$6:$B$798='Стан БГ'!C12)*(Main!$C$6:$C$798='Стан БГ'!H11),Main!$A$6:$A$798,0),T12),"")} | S12: =IF($D11=1,S$8,IF($D11=2,S$9,S$10)) -> 61 | T12: {=IF(MAX(IF((Main!$D$6:$D$798="НВМП")*(Main!$B$6:$B$798='Стан БГ'!C12)*(Main!$C$6:$C$798='Стан БГ'!H11),Main!$A$6:$A$798,0))>0,MAX(IF((Main!$D$6:$D$798="НВМП")*(Main!$B$6:$B$798='Стан БГ'!C12)*(Main!$C$6:$C$798='Стан БГ'!H11),Main!$A$6:$A$798,0)),"")} | U12: =IF($D11=1,U$8,IF($D11=2,U$9,IF($D11=3,U$10))) -> 365 | V12: 45777 | W12: =IF($D11=1,W$8,IF($D11=2,W$9,IF($D11=3,W$10))) -> 365 | X12: 45763 | Y12: =IF($D11=1,Y$8,IF($D11=2,Y$9,IF($D11=3,Y$10))) -> 365 | Z12: 45758 | AA12: =IF($D11=1,AA$8,IF($D11=2,AA$9,IF($D11=3,AA$10))) -> 365 | AB12: 45758 | AC12: =IF($D11=1,AC$8,IF($D11=2,AC$9,IF($D11=3,AC$10))) -> 365 | AD12: 45758 | AE12: =IF($D11=1,AE$8,IF($D11=2,AE$9,IF($D11=3,AE$10))) -> 365 | AF12: 45683 | AG12: =IF($D11=1,AG$8,IF($D11=2,AG$9,IF($D11=3,AG$10))) -> 365 | AH12: 45683 | AI12: =IF($D11=1,AI$8,IF($D11=2,AI$9,IF($D11=3,AI$10))) -> 365 | AJ12: 45776 | AK12: =IF($D11=1,AK$8,IF($D11=2,AK$9,IF($D11=3,AK$10))) -> 365 | AM12: =IF($D11=1,AM$8,IF($D11=2,AM$9,IF($D11=3,AM$10))) -> 365 | AN12: 45623 | AO12: =IF($D11=1,AO$8,IF($D11=2,AO$9,IF($D11=3,AO$10))) -> 184 | AP12: 45747 | AQ12: =IF($D11=1,AQ$8,IF($D11=2,AQ$9,IF($D11=3,AQ$10))) -> 365 | AR12: 45561 | AS12: =IF($D11=1,AS$8,IF($D11=2,AS$9,IF($D11=3,AS$10))) -> 365 | AT12: 45672 | AU12: =IF($D11=1,AU$8,IF($D11=2,AU$9,IF($D11=3,AU$10))) -> 1095 | AV12: 45756 | AW12: =IF($D11=1,AW$8,IF($D11=2,AW$9,IF($D11=3,AW$10))) -> 365 | AX12: {=IF(MAX(IF((ISNUMBER(SEARCH("Складний пілотаж",Main!$M$6:$M$798)))*(Main!$B$6:$B$798='Стан БГ'!C12),Main!$A$6:$A$798,0))>0,MAX(IF((ISNUMBER(SEARCH("Складний пілотаж",Main!$M$6:$M$798)))*(Main!$B$6:$B$798='Стан БГ'!C12),Main!$A$6:$A$798,0)),"")} | AY12: =IF($D11=1,AY$8,IF($D11=2,AY$9,IF($D11=3,AY$10))) -> 365 | AZ12: {=IF(MAX(IF((ISNUMBER(SEARCH("Мала висота",Main!$M$6:$M$798)))*(Main!$B$6:$B$798='Стан БГ'!C12),Main!$A$6:$A$798,0))>0,MAX(IF((ISNUMBER(SEARCH("Мала висота",Main!$M$6:$M$798)))*(Main!$B$6:$B$798='Стан БГ'!C12),Main!$A$6:$A$798,0)),"")} | BA12: =IF($D11=1,BA$8,IF($D11=2,BA$9,IF($D11=3,BA$10))) -> 122 | BB12: {=IF(MAX(IF((ISNUMBER(SEARCH("Гр. мала висота (ОНБ)",Main!$M$6:$M$798)))*(Main!$B$6:$B$798='Стан БГ'!C12),Main!$A$6:$A$798,0))>0,MAX(IF((ISNUMBER(SEARCH("Гр. мала висота (ОНБ)",Main!$M$6:$M$798)))*(Main!$B$6:$B$798='Стан БГ'!C12),Main!$A$6:$A$798,0)),"")} | BC12: =IF($D11=1,BC$8,IF($D11=2,BC$9,IF($D11=3,BC$10))) -> 184 | BD12: {=IF(MAX(IF((ISNUMBER(SEARCH("Бойове застосування",Main!$M$6:$M$798)))*(Main!$B$6:$B$798='Стан БГ'!C12),Main!$A$6:$A$798,0))>0,MAX(IF((ISNUMBER(SEARCH("Бойове застосування",Main!$M$6:$M$798)))*(Main!$B$6:$B$798='Стан БГ'!C12),Main!$A$6:$A$798,0)),"")} | BE12: =IF($D11=1,BE$8,IF($D11=2,BE$9,IF($D11=3,BE$10))) -> 184 | BF12: {=IF(MAX(IF((ISNUMBER(SEARCH("Групова злітаність",Main!$M$6:$M$798)))*(Main!$B$6:$B$798='Стан БГ'!C12),Main!$A$6:$A$798,0))>0,MAX(IF((ISNUMBER(SEARCH("Групова злітаність",Main!$M$6:$M$798)))*(Main!$B$6:$B$798='Стан БГ'!C12),Main!$A$6:$A$798,0)),"")} | BG12: =IF($D11=1,BG$8,IF($D11=2,BG$9,IF($D11=3,BG$10))) -> 365 | BH12: {=IF(MAX(IF((ISNUMBER(SEARCH("На десантування",Main!$M$6:$M$798)))*(Main!$B$6:$B$798='Стан БГ'!C12),Main!$A$6:$A$798,0))>0,MAX(IF((ISNUMBER(SEARCH("На десантування",Main!$M$6:$M$798)))*(Main!$B$6:$B$798='Стан БГ'!C12),Main!$A$6:$A$798,0)),"")} | BI12: =IF($D11=1,BI$8,IF($D11=2,BI$9,IF($D11=3,BI$10))) -> 184
I13: =IF(AND(J11=1,OR($G11="вп",$G11="вд",$G11="шп",$G11="оа")),1,0) -> 0 | J13: =IF(J12="",0,IF($C$2<(I12+J12)-15,2,IF($C$2<(I12+J12),1,"0"))) -> 0 | L13: =IF(L12="",0,IF($C$2<(K12+L12)-15,2,IF($C$2<(K12+L12),1,"0"))) -> 0 | N13: =IF(N12="",0,IF($C$2<(M12+N12)-15,2,IF($C$2<(M12+N12),1,"0"))) -> 0 | P13: =IF(P12="",0,IF($C$2<(O12+P12)-15,2,IF($C$2<(O12+P12),1,"0"))) -> 0 | R13: =IF(R12="",0,IF($C$2<(Q12+R12)-15,2,IF($C$2<(Q12+R12),1,"0"))) -> 0 | T13: =IF(T12="",0,IF($C$2<(S12+T12)-15,2,IF($C$2<(S12+T12),1,"0"))) -> 0 | AP13: =IF(AP12 = "",0,IF($C$2<(AO12+AP12)-15,2,IF($C$2<(AO12+AP12),1,"0"))) -> 0 | AR13: =IF(AR12 = "",0,IF($C$2<(AQ12+AR12)-15,2,IF($C$2<(AQ12+AR12),1,"0"))) -> 0
H14: Л-39 | I14: 1 | J14: =IF(OR(J16=1,J16=2),1,0) -> 0 | K14: 1 | L14: =IF(OR(L16=1,L16=2),1,0) -> 0 | M14: 1 | N14: =IF(OR(N16=1,N16=2),1,0) -> 0 | O14: 1 | P14: =IF(OR(P16=1,P16=2),1,0) -> 0 | Q14: 1 | R14: =IF(OR(R16=1,R16=2),1,0) -> 0 | S14: 1 | T14: =IF(OR(T16=1,T16=2),1,0) -> 0
I15: =I12 -> 107 | J15: {=IF(MAX(IF((Main!$D$6:$D$798="ДПМУ")*(Main!$B$6:$B$798='Стан БГ'!C12)*(Main!$C$6:$C$798='Стан БГ'!H14),Main!$A$6:$A$798,0),L15,N15,P15,R15,T15)>0,MAX(IF((Main!$D$6:$D$798="ДПМУ")*(Main!$B$6:$B$798='Стан БГ'!C12)*(Main!$C$6:$C$798='Стан БГ'!H14),Main!$A$6:$A$798,0),L15,N15,P15,R15,T15),"")} | K15: =K12 -> 92 | L15: {=IF(MAX(IF((Main!$D$6:$D$798="ДСМУ")*(Main!$B$6:$B$798='Стан БГ'!C12)*(Main!$C$6:$C$798='Стан БГ'!H14),Main!$A$6:$A$798,0),N15,R15,T15)>0,MAX(IF((Main!$D$6:$D$798="ДСМУ")*(Main!$B$6:$B$798='Стан БГ'!C12)*(Main!$C$6:$C$798='Стан БГ'!H14),Main!$A$6:$A$798,0),N15,R15,T15),"")} | M15: =M12 -> 77 | N15: {=IF(MAX(IF((Main!$D$6:$D$798="ДВМП")*(Main!$B$6:$B$798='Стан БГ'!C12)*(Main!$C$6:$C$798='Стан БГ'!H14),Main!$A$6:$A$798,0),T15)>0,MAX(IF((Main!$D$6:$D$798="ДВМП")*(Main!$B$6:$B$798='Стан БГ'!C12)*(Main!$C$6:$C$798='Стан БГ'!H14),Main!$A$6:$A$798,0),T15),"")} | O15: =O12 -> 92 | P15: {=IF(MAX(IF((Main!$D$6:$D$798="НПМУ")*(Main!$B$6:$B$798='Стан БГ'!C12)*(Main!$C$6:$C$798='Стан БГ'!H14),Main!$A$6:$A$798,0),R15,T15)>0,MAX(IF((Main!$D$6:$D$798="НПМУ")*(Main!$B$6:$B$798='Стан БГ'!C12)*(Main!$C$6:$C$798='Стан БГ'!H14),Main!$A$6:$A$798,0),R15,T15),"")} | Q15: =Q12 -> 77 | R15: {=IF(MAX(IF((Main!$D$6:$D$798="НСМУ")*(Main!$B$6:$B$798='Стан БГ'!C12)*(Main!$C$6:$C$798='Стан БГ'!H14),Main!$A$6:$A$798,0),T15)>0,MAX(IF((Main!$D$6:$D$798="НСМУ")*(Main!$B$6:$B$798='Стан БГ'!C12)*(Main!$C$6:$C$798='Стан БГ'!H14),Main!$A$6:$A$798,0),T15),"")} | S15: =S12 -> 61 | T15: {=IF(MAX(IF((Main!$D$6:$D$798="НВМП")*(Main!$B$6:$B$798='Стан БГ'!C12)*(Main!$C$6:$C$798='Стан БГ'!H14),Main!$A$6:$A$798,0))>0,MAX(IF((Main!$D$6:$D$798="НВМП")*(Main!$B$6:$B$798='Стан БГ'!C12)*(Main!$C$6:$C$798='Стан БГ'!H14),Main!$A$6:$A$798,0)),"")} | U15: =U12 -> 365 | W15: =IF($D11=1,W$8,IF($D11=2,W$9,IF($D11=3,W$10))) -> 365 | Y15: =IF($D11=1,Y$8,IF($D11=2,Y$9,IF($D11=3,Y$10))) -> 365 | AA15: =IF($D11=1,AA$8,IF($D11=2,AA$9,IF($D11=3,AA$10))) -> 365 | AC15: =IF($D11=1,AC$8,IF($D11=2,AC$9,IF($D11=3,AC$10))) -> 365 | AE15: =AE12 -> 365 | AG15: =AG12 -> 365 | AI15: =AI12 -> 365 | AK15: =AK12 -> 365 | AM15: =AM12 -> 365 | AO15: =IF($D14=1,AO$8,IF($D14=2,AO$9,IF($D14=3,AO$10))) -> FALSE | AP15: 45747 | AQ15: =IF($D14=1,AQ$8,IF($D14=2,AQ$9,IF($D14=3,AQ$10))) -> FALSE | AR15: 45733 | AS15: =IF($D14=1,AS$8,IF($D14=2,AS$9,IF($D14=3,AS$10))) -> FALSE | AU15: =IF($D14=1,AU$8,IF($D14=2,AU$9,IF($D14=3,AU$10))) -> FALSE | AW15: =IF($D11=1,AW$8,IF($D11=2,AW$9,IF($D11=3,AW$10))) -> 365 | AY15: =IF($D11=1,AY$8,IF($D11=2,AY$9,IF($D11=3,AY$10))) -> 365 | BA15: =IF($D11=1,BA$8,IF($D11=2,BA$9,IF($D11=3,BA$10))) -> 122 | BC15: =IF($D11=1,BC$8,IF($D11=2,BC$9,IF($D11=3,BC$10))) -> 184 | BE15: =BE12 -> 184 | BG15: =BG12 -> 365 | BI15: =BI12 -> 184
I16: =IF(AND(J11=1,OR($G11="вп",$G11="вд",$G11="шп",$G11="оа")),1,0) -> 0 | J16: =IF(J15="",0,IF($C$2<(I15+J15)-15,2,IF($C$2<(I15+J15),1,"0"))) -> 0 | L16: =IF(L15="",0,IF($C$2<(K15+L15)-15,2,IF($C$2<(K15+L15),1,"0"))) -> 0 | N16: =IF(N15="",0,IF($C$2<(M15+N15)-15,2,IF($C$2<(M15+N15),1,"0"))) -> 0 | P16: =IF(P15="",0,IF($C$2<(O15+P15)-15,2,IF($C$2<(O15+P15),1,"0"))) -> 0 | R16: =IF(R15="",0,IF($C$2<(Q15+R15)-15,2,IF($C$2<(Q15+R15),1,"0"))) -> 0 | T16: =IF(T15="",0,IF($C$2<(S15+T15)-15,2,IF($C$2<(S15+T15),1,"0"))) -> 0 | V16: =IF(V12 = "",0,IF($C$2<(U12+V12)-15,2,IF($C$2<(U12+V12),1,"0"))) -> 2 | X16: =IF(X12 = "",0,IF($C$2<(W12+X12)-15,2,IF($C$2<(W12+X12),1,"0"))) -> 2 | Z16: =IF(Z12 = "",0,IF($C$2<(Y12+Z12)-15,2,IF($C$2<(Y12+Z12),1,"0"))) -> 2 | AB16: =IF(AB12 = "",0,IF($C$2<(AA12+AB12)-15,2,IF($C$2<(AA12+AB12),1,"0"))) -> 2 | AD16: =IF(AD12 = "",0,IF($C$2<(AC12+AD12)-15,2,IF($C$2<(AC12+AD12),1,"0"))) -> 2 | AF16: =IF(AF12 = "",0,IF($C$2<(AE12+AF12)-15,2,IF($C$2<(AE12+AF12),1,"0"))) -> 0 | AH16: =IF(AH12 = "",0,IF($C$2<(AG12+AH12)-15,2,IF($C$2<(AG12+AH12),1,"0"))) -> 0 | AJ16: =IF(AJ12 = "",0,IF($C$2<(AI12+AJ12)-15,2,IF($C$2<(AI12+AJ12),1,"0"))) -> 2 | AL16: =IF(AL12 = "",0,IF($C$2<(AK12+AL12)-15,2,IF($C$2<(AK12+AL12),1,"0"))) -> 0 | AN16: =IF(AN12 = "",0,IF($C$2<(AM12+AN12)-15,2,IF($C$2<(AM12+AN12),1,"0"))) -> 0 | AP16: =IF(AP15 = "",0,IF($C$2<(AO12+AP15)-15,2,IF($C$2<(AO12+AP15),1,"0"))) -> 0 | AR16: =IF(AR15 = "",0,IF($C$2<(AQ12+AR15)-15,2,IF($C$2<(AQ12+AR15),1,"0"))) -> 2 | AT16: =IF(AT12 = "",0,IF($C$2<(AS12+AT12)-15,2,IF($C$2<(AS12+AT12),1,"0"))) -> 0 | AV16: =IF(AV12 = "",0,IF($C$2<(AU12+AV12)-15,2,IF($C$2<(AU12+AV12),1,"0"))) -> 2 | AX16: =IF(AX12 = "",0,IF($C$2<(AW12+AX12)-15,2,IF($C$2<(AW12+AX12),1,"0"))) -> 0 | AZ16: =IF(AZ12 = "",0,IF($C$2<(AY12+AZ12)-15,2,IF($C$2<(AY12+AZ12),1,"0"))) -> 0 | BB16: =IF(BB12 = "",0,IF($C$2<(BA12+BB12)-15,2,IF($C$2<(BA12+BB12),1,"0"))) -> 0 | BD16: =IF(BD12 = "",0,IF($C$2<(BC12+BD12)-15,2,IF($C$2<(BC12+BD12),1,"0"))) -> 0 | BF16: =IF(BF12 = "",0,IF($C$2<(BE12+BF12)-15,2,IF($C$2<(BE12+BF12),1,"0"))) -> 0 | BH16: =IF(BH12 = "",0,IF($C$2<(BG12+BH12)-15,2,IF($C$2<(BG12+BH12),1,"0"))) -> 0 | BJ16: =IF(BJ12 = "",0,IF($C$2<(BI12+BJ12)-15,2,IF($C$2<(BI12+BJ12),1,"0"))) -> 0
A17: 2 | B17: Нач. БзП ДНДІ | D17: 2 | E17: 1 | F17: 3 | H17: Мі-8 | I17: 1 | J17: =IF(OR(J19=1,J19=2),1,0) -> 0 | K17: 1 | L17: =IF(OR(L19=1,L19=2),1,0) -> 0 | M17: 1 | N17: =IF(OR(N19=1,N19=2),1,0) -> 0 | O17: 1 | P17: =IF(OR(P19=1,P19=2),1,0) -> 0 | Q17: 1 | R17: =IF(OR(R19=1,R19=2),1,0) -> 0 | S17: 1 | T17: =IF(OR(T19=1,T19=2),1,0) -> 0
C18: п/п-к Сокорський Ю.М. | I18: =IF($D17=1,I$8,IF($D17=2,I$9,I$10)) -> 92 | J18: {=IF(MAX(IF((Main!$D$6:$D$798="ДПМУ")*(Main!$B$6:$B$798='Стан БГ'!C18)*(Main!$C$6:$C$798='Стан БГ'!H17),Main!$A$6:$A$798,0),L18,N18,P18,R18,T18)>0,MAX(IF((Main!$D$6:$D$798="ДПМУ")*(Main!$B$6:$B$798='Стан БГ'!C18)*(Main!$C$6:$C$798='Стан БГ'!H17),Main!$A$6:$A$798,0),L18,N18,P18,R18,T18),"")} | K18: =IF($D17=1,K$8,IF($D17=2,K$9,K$10)) -> 77 | L18: {=IF(MAX(IF((Main!$D$6:$D$798="ДСМУ")*(Main!$B$6:$B$798='Стан БГ'!C18)*(Main!$C$6:$C$798='Стан БГ'!H17),Main!$A$6:$A$798,0),N18,R18,T18)>0,MAX(IF((Main!$D$6:$D$798="ДСМУ")*(Main!$B$6:$B$798='Стан БГ'!C18)*(Main!$C$6:$C$798='Стан БГ'!H17),Main!$A$6:$A$798,0),N18,R18,T18),"")} | M18: =IF($D17=1,M$8,IF($D17=2,M$9,M$10)) -> 61 | N18: {=IF(MAX(IF((Main!$D$6:$D$798="ДВМП")*(Main!$B$6:$B$798='Стан БГ'!C18)*(Main!$C$6:$C$798='Стан БГ'!H17),Main!$A$6:$A$798,0),T18)>0,MAX(IF((Main!$D$6:$D$798="ДВМП")*(Main!$B$6:$B$798='Стан БГ'!C18)*(Main!$C$6:$C$798='Стан БГ'!H17),Main!$A$6:$A$798,0),T18),"")} | O18: =IF($D17=1,O$8,IF($D17=2,O$9,O$10)) -> 77 | P18: {=IF(MAX(IF((Main!$D$6:$D$798="НПМУ")*(Main!$B$6:$B$798='Стан БГ'!C18)*(Main!$C$6:$C$798='Стан БГ'!H17),Main!$A$6:$A$798,0),R18,T18)>0,MAX(IF((Main!$D$6:$D$798="НПМУ")*(Main!$B$6:$B$798='Стан БГ'!C18)*(Main!$C$6:$C$798='Стан БГ'!H17),Main!$A$6:$A$798,0),R18,T18),"")} | Q18: =IF($D17=1,Q$8,IF($D17=2,Q$9,Q$10)) -> 61 | R18: {=IF(MAX(IF((Main!$D$6:$D$798="НСМУ")*(Main!$B$6:$B$798='Стан БГ'!C18)*(Main!$C$6:$C$798='Стан БГ'!H17),Main!$A$6:$A$798,0),T18)>0,MAX(IF((Main!$D$6:$D$798="НСМУ")*(Main!$B$6:$B$798='Стан БГ'!C18)*(Main!$C$6:$C$798='Стан БГ'!H17),Main!$A$6:$A$798,0),T18),"")} | S18: =IF($D17=1,S$8,IF($D17=2,S$9,S$10)) -> 46 | T18: {=IF(MAX(IF((Main!$D$6:$D$798="НВМП")*(Main!$B$6:$B$798='Стан БГ'!C18)*(Main!$C$6:$C$798='Стан БГ'!H17),Main!$A$6:$A$798,0))>0,MAX(IF((Main!$D$6:$D$798="НВМП")*(Main!$B$6:$B$798='Стан БГ'!C18)*(Main!$C$6:$C$798='Стан БГ'!H17),Main!$A$6:$A$798,0)),"")} | U18: =IF($D17=1,U$8,IF($D17=2,U$9,IF($D17=3,U$10))) -> 365 | V18: 45706 | W18: =IF($D17=1,W$8,IF($D17=2,W$9,IF($D17=3,W$10))) -> 365 | X18: 45701 | Y18: =IF($D17=1,Y$8,IF($D17=2,Y$9,IF($D17=3,Y$10))) -> 365 | Z18: 45702 | AA18: =IF($D17=1,AA$8,IF($D17=2,AA$9,IF($D17=3,AA$10))) -> 365 | AB18: 45426 | AC18: =IF($D17=1,AC$8,IF($D17=2,AC$9,IF($D17=3,AC$10))) -> 365 | AD18: 45426 | AE18: =IF($D17=1,AE$8,IF($D17=2,AE$9,IF($D17=3,AE$10))) -> 365 | AF18: 45700 | AG18: =IF($D17=1,AG$8,IF($D17=2,AG$9,IF($D17=3,AG$10))) -> 365 | AH18: 45710 | AI18: =IF($D17=1,AI$8,IF($D17=2,AI$9,IF($D17=3,AI$10))) -> 365 | AJ18: 45351 | AK18: =IF($D17=1,AK$8,IF($D17=2,AK$9,IF($D17=3,AK$10))) -> 365 | AM18: =IF($D17=1,AM$8,IF($D17=2,AM$9,IF($D17=3,AM$10))) -> 365 | AN18: 45650 | AO18: =IF($D17=1,AO$8,IF($D17=2,AO$9,IF($D17=3,AO$10))) -> 184 | AP18: 45747 | AQ18: =IF($D17=1,AQ$8,IF($D17=2,AQ$9,IF($D17=3,AQ$10))) -> 365 | AR18: 45708 | AS18: =IF($D17=1,AS$8,IF($D17=2,AS$9,IF($D17=3,AS$10))) -> 365 | AT18: 45668 | AU18: =IF($D17=1,AU$8,IF($D17=2,AU$9,IF($D17=3,AU$10))) -> 1095 | AV18: 45752 | AW18: =IF($D17=1,AW$8,IF($D17=2,AW$9,IF($D17=3,AW$10))) -> 365 | AX18: {=IF(MAX(IF((ISNUMBER(SEARCH("Складний пілотаж",Main!$M$6:$M$798)))*(Main!$B$6:$B$798='Стан БГ'!C18),Main!$A$6:$A$798,0))>0,MAX(IF((ISNUMBER(SEARCH("Складний пілотаж",Main!$M$6:$M$798)))*(Main!$B$6:$B$798='Стан БГ'!C18),Main!$A$6:$A$798,0)),"07.02.2024")} -> 07.02.2024 | AY18: =IF($D17=1,AY$8,IF($D17=2,AY$9,IF($D17=3,AY$10))) -> 365 | AZ18: {=IF(MAX(IF((ISNUMBER(SEARCH("Мала висота",Main!$M$6:$M$798)))*(Main!$B$6:$B$798='Стан БГ'!C18),Main!$A$6:$A$798,0))>0,MAX(IF((ISNUMBER(SEARCH("Мала висота",Main!$M$6:$M$798)))*(Main!$B$6:$B$798='Стан БГ'!C18),Main!$A$6:$A$798,0)),"28.04.2025")} -> 28.04.2025 | BA18: =IF($D17=1,BA$8,IF($D17=2,BA$9,IF($D17=3,BA$10))) -> 122 | BB18: {=IF(MAX(IF((ISNUMBER(SEARCH("Гр. мала висота (ОНБ)",Main!$M$6:$M$798)))*(Main!$B$6:$B$798='Стан БГ'!C18),Main!$A$6:$A$798,0))>0,MAX(IF((ISNUMBER(SEARCH("Гр. мала висота (ОНБ)",Main!$M$6:$M$798)))*(Main!$B$6:$B$798='Стан БГ'!C18),Main!$A$6:$A$798,0)),"07.02.2024")} -> 07.02.2024 | BC18: =IF($D17=1,BC$8,IF($D17=2,BC$9,IF($D17=3,BC$10))) -> 184 | BD18: {=IF(MAX(IF((ISNUMBER(SEARCH("Бойове застосування",Main!$M$6:$M$798)))*(Main!$B$6:$B$798='Стан БГ'!C18),Main!$A$6:$A$798,0))>0,MAX(IF((ISNUMBER(SEARCH("Бойове застосування",Main!$M$6:$M$798)))*(Main!$B$6:$B$798='Стан БГ'!C18),Main!$A$6:$A$798,0)),"28.04.2025")} -> 28.04.2025 | BE18: =IF($D17=1,BE$8,IF($D17=2,BE$9,IF($D17=3,BE$10))) -> 184 | BF18: {=IF(MAX(IF((ISNUMBER(SEARCH("Групова злітаність",Main!$M$6:$M$798)))*(Main!$B$6:$B$798='Стан БГ'!C18),Main!$A$6:$A$798,0))>0,MAX(IF((ISNUMBER(SEARCH("Групова злітаність",Main!$M$6:$M$798)))*(Main!$B$6:$B$798='Стан БГ'!C18),Main!$A$6:$A$798,0)),"07.02.2024")} -> 07.02.2024 | BG18: =IF($D17=1,BG$8,IF($D17=2,BG$9,IF($D17=3,BG$10))) -> 365 | BH18: {=IF(MAX(IF((ISNUMBER(SEARCH("На десантування",Main!$M$6:$M$798)))*(Main!$B$6:$B$798='Стан БГ'!C18),Main!$A$6:$A$798,0))>0,MAX(IF((ISNUMBER(SEARCH("На десантування",Main!$M$6:$M$798)))*(Main!$B$6:$B$798='Стан БГ'!C18),Main!$A$6:$A$798,0)),"")} | BI18: =IF($D17=1,BI$8,IF($D17=2,BI$9,IF($D17=3,BI$10))) -> 184
I19: =IF(AND(J17=1,OR($G17="вп",$G17="вд",$G17="шп",$G17="оа")),1,0) -> 0 | J19: =IF(J18="",0,IF($C$2<(I18+J18)-15,2,IF($C$2<(I18+J18),1,"0"))) -> 0 | L19: =IF(L18="",0,IF($C$2<(K18+L18)-15,2,IF($C$2<(K18+L18),1,"0"))) -> 0 | N19: =IF(N18="",0,IF($C$2<(M18+N18)-15,2,IF($C$2<(M18+N18),1,"0"))) -> 0 | P19: =IF(P18="",0,IF($C$2<(O18+P18)-15,2,IF($C$2<(O18+P18),1,"0"))) -> 0 | R19: =IF(R18="",0,IF($C$2<(Q18+R18)-15,2,IF($C$2<(Q18+R18),1,"0"))) -> 0 | T19: =IF(T18="",0,IF($C$2<(S18+T18)-15,2,IF($C$2<(S18+T18),1,"0"))) -> 0 | AP19: =IF(AP18 = "",0,IF($C$2<(AO18+AP18)-15,2,IF($C$2<(AO18+AP18),1,"0"))) -> 0 | AR19: =IF(AR18 = "",0,IF($C$2<(AQ18+AR18)-15,2,IF($C$2<(AQ18+AR18),1,"0"))) -> 1
H20: Мі-24 | I20: 1 | J20: 0 | L20: 0 | N20: 0 | P20: 0 | R20: 0 | T20: 0
I21: =I18 -> 92 | J21: {=IF(MAX(IF((Main!$D$6:$D$798="ДПМУ")*(Main!$B$6:$B$798='Стан БГ'!C18)*(Main!$C$6:$C$798='Стан БГ'!H20),Main!$A$6:$A$798,0),L21,N21,P21,R21,T21)>0,MAX(IF((Main!$D$6:$D$798="ДПМУ")*(Main!$B$6:$B$798='Стан БГ'!C18)*(Main!$C$6:$C$798='Стан БГ'!H120),Main!$A$6:$A$798,0),L21,N21,P21,R21,T21),"")} | K21: =K18 -> 77 | L21: {=IF(MAX(IF((Main!$D$6:$D$798="ДСМУ")*(Main!$B$6:$B$798='Стан БГ'!C18)*(Main!$C$6:$C$798='Стан БГ'!H20),Main!$A$6:$A$798,0),N21,R21,T21)>0,MAX(IF((Main!$D$6:$D$798="ДСМУ")*(Main!$B$6:$B$798='Стан БГ'!C18)*(Main!$C$6:$C$798='Стан БГ'!H120),Main!$A$6:$A$798,0),N21,R21,T21),"")} | M21: =M18 -> 61 | N21: {=IF(MAX(IF((Main!$D$6:$D$798="ДВМП")*(Main!$B$6:$B$798='Стан БГ'!C18)*(Main!$C$6:$C$798='Стан БГ'!H20),Main!$A$6:$A$798,0),T21)>0,MAX(IF((Main!$D$6:$D$798="ДВМП")*(Main!$B$6:$B$798='Стан БГ'!C18)*(Main!$C$6:$C$798='Стан БГ'!H120),Main!$A$6:$A$798,0),T21),"")} | O21: =O18 -> 77 | P21: {=IF(MAX(IF((Main!$D$6:$D$798="НПМУ")*(Main!$B$6:$B$798='Стан БГ'!C18)*(Main!$C$6:$C$798='Стан БГ'!H20),Main!$A$6:$A$798,0),R21,T21)>0,MAX(IF((Main!$D$6:$D$798="НПМУ")*(Main!$B$6:$B$798='Стан БГ'!C18)*(Main!$C$6:$C$798='Стан БГ'!H120),Main!$A$6:$A$798,0),R21,T21),"")} | Q21: =Q18 -> 61 | R21: {=IF(MAX(IF((Main!$D$6:$D$798="НСМУ")*(Main!$B$6:$B$798='Стан БГ'!C18)*(Main!$C$6:$C$798='Стан БГ'!H20),Main!$A$6:$A$798,0),T21)>0,MAX(IF((Main!$D$6:$D$798="НСМУ")*(Main!$B$6:$B$798='Стан БГ'!C18)*(Main!$C$6:$C$798='Стан БГ'!H120),Main!$A$6:$A$798,0),T21),"")} | S21: =S18 -> 46 | T21: {=IF(MAX(IF((Main!$D$6:$D$798="НВМП")*(Main!$B$6:$B$798='Стан БГ'!C18)*(Main!$C$6:$C$798='Стан БГ'!H20),Main!$A$6:$A$798,0))>0,MAX(IF((Main!$D$6:$D$798="НВМП")*(Main!$B$6:$B$798='Стан БГ'!C18)*(Main!$C$6:$C$798='Стан БГ'!H120),Main!$A$6:$A$798,0)),"")} | U21: =U18 -> 365 | W21: =IF($D17=1,W$8,IF($D17=2,W$9,IF($D17=3,W$10))) -> 365 | Y21: =IF($D17=1,Y$8,IF($D17=2,Y$9,IF($D17=3,Y$10))) -> 365 | AA21: =IF($D17=1,AA$8,IF($D17=2,AA$9,IF($D17=3,AA$10))) -> 365 | AC21: =IF($D17=1,AC$8,IF($D17=2,AC$9,IF($D17=3,AC$10))) -> 365 | AE21: =AE18 -> 365 | AG21: =AG18 -> 365 | AI21: =AI18 -> 365 | AK21: =AK18 -> 365 | AM21: =AM18 -> 365 | AO21: =IF($D20=1,AO$8,IF($D20=2,AO$9,IF($D20=3,AO$10))) -> FALSE | AQ21: =IF($D20=1,AQ$8,IF($D20=2,AQ$9,IF($D20=3,AQ$10))) -> FALSE | AR21: 45524 | AS21: =IF($D20=1,AS$8,IF($D20=2,AS$9,IF($D20=3,AS$10))) -> FALSE | AU21: =IF($D20=1,AU$8,IF($D20=2,AU$9,IF($D20=3,AU$10))) -> FALSE | AW21: =IF($D17=1,AW$8,IF($D17=2,AW$9,IF($D17=3,AW$10))) -> 365 | AY21: =IF($D17=1,AY$8,IF($D17=2,AY$9,IF($D17=3,AY$10))) -> 365 | BA21: =IF($D17=1,BA$8,IF($D17=2,BA$9,IF($D17=3,BA$10))) -> 122 | BC21: =IF($D17=1,BC$8,IF($D17=2,BC$9,IF($D17=3,BC$10))) -> 184 | BE21: =BE18 -> 184 | BG21: =BG18 -> 365 | BI21: =BI18 -> 184
I22: =IF(AND(J17=1,OR($G17="вп",$G17="вд",$G17="шп",$G17="оа")),1,0) -> 0 | J22: =IF(J21="",0,IF($C$2<(I21+J21)-15,2,IF($C$2<(I21+J21),1,"0"))) -> 0 | L22: =IF(L21="",0,IF($C$2<(K21+L21)-15,2,IF($C$2<(K21+L21),1,"0"))) -> 0 | N22: =IF(N21="",0,IF($C$2<(M21+N21)-15,2,IF($C$2<(M21+N21),1,"0"))) -> 0 | P22: =IF(P21="",0,IF($C$2<(O21+P21)-15,2,IF($C$2<(O21+P21),1,"0"))) -> 0 | R22: =IF(R21="",0,IF($C$2<(Q21+R21)-15,2,IF($C$2<(Q21+R21),1,"0"))) -> 0 | T22: =IF(T21="",0,IF($C$2<(S21+T21)-15,2,IF($C$2<(S21+T21),1,"0"))) -> 0 | V22: =IF(V18 = "",0,IF($C$2<(U18+V18)-15,2,IF($C$2<(U18+V18),1,"0"))) -> 1 | X22: =IF(X18 = "",0,IF($C$2<(W18+X18)-15,2,IF($C$2<(W18+X18),1,"0"))) -> 1 | Z22: =IF(Z18 = "",0,IF($C$2<(Y18+Z18)-15,2,IF($C$2<(Y18+Z18),1,"0"))) -> 1 | AB22: =IF(AB18 = "",0,IF($C$2<(AA18+AB18)-15,2,IF($C$2<(AA18+AB18),1,"0"))) -> 0 | AD22: =IF(AD18 = "",0,IF($C$2<(AC18+AD18)-15,2,IF($C$2<(AC18+AD18),1,"0"))) -> 0 | AF22: =IF(AF18 = "",0,IF($C$2<(AE18+AF18)-15,2,IF($C$2<(AE18+AF18),1,"0"))) -> 1 | AH22: =IF(AH18 = "",0,IF($C$2<(AG18+AH18)-15,2,IF($C$2<(AG18+AH18),1,"0"))) -> 2 | AJ22: =IF(AJ18 = "",0,IF($C$2<(AI18+AJ18)-15,2,IF($C$2<(AI18+AJ18),1,"0"))) -> 0 | AL22: =IF(AL18 = "",0,IF($C$2<(AK18+AL18)-15,2,IF($C$2<(AK18+AL18),1,"0"))) -> 0 | AN22: =IF(AN18 = "",0,IF($C$2<(AM18+AN18)-15,2,IF($C$2<(AM18+AN18),1,"0"))) -> 0 | AP22: =IF(AP21 = "",0,IF($C$2<(AO18+AP21)-15,2,IF($C$2<(AO18+AP21),1,"0"))) -> 0 | AR22: =IF(AR21 = "",0,IF($C$2<(AQ18+AR21)-15,2,IF($C$2<(AQ18+AR21),1,"0"))) -> 0 | AT22: =IF(AT18 = "",0,IF($C$2<(AS18+AT18)-15,2,IF($C$2<(AS18+AT18),1,"0"))) -> 0 | AV22: =IF(AV18 = "",0,IF($C$2<(AU18+AV18)-15,2,IF($C$2<(AU18+AV18),1,"0"))) -> 2 | AX22: =IF(AX18 = "",0,IF($C$2<(AW18+AX18)-15,2,IF($C$2<(AW18+AX18),1,"0"))) -> 0 | AZ22: =IF(AZ18 = "",0,IF($C$2<(AY18+AZ18)-15,2,IF($C$2<(AY18+AZ18),1,"0"))) -> 2 | BB22: =IF(BB18 = "",0,IF($C$2<(BA18+BB18)-15,2,IF($C$2<(BA18+BB18),1,"0"))) -> 0 | BD22: =IF(BD18 = "",0,IF($C$2<(BC18+BD18)-15,2,IF($C$2<(BC18+BD18),1,"0"))) -> 0 | BF22: =IF(BF18 = "",0,IF($C$2<(BE18+BF18)-15,2,IF($C$2<(BE18+BF18),1,"0"))) -> 0 | BH22: =IF(BH18 = "",0,IF($C$2<(BG18+BH18)-15,2,IF($C$2<(BG18+BH18),1,"0"))) -> 0 | BJ22: =IF(BJ18 = "",0,IF($C$2<(BI18+BJ18)-15,2,IF($C$2<(BI18+BJ18),1,"0"))) -> 0
A23: 3 | B23: Головний штурман | D23: 1 | E23: 1 | F23: 2 | H23: Су-24 | I23: 1 | J23: =IF(OR(J25=1,J25=2),1,0) -> 0 | K23: 1 | L23: =IF(OR(L25=1,L25=2),1,0) -> 0 | M23: 1 | N23: =IF(OR(N25=1,N25=2),1,0) -> 0 | O23: 1 | P23: =IF(OR(P25=1,P25=2),1,0) -> 0 | Q23: 1 | R23: =IF(OR(R25=1,R25=2),1,0) -> 0 | S23: 1 | T23: =IF(OR(T25=1,T25=2),1,0) -> 0
C24: п/п-к Шуляк В.М. | I24: =IF($D23=1,I$8,IF($D23=2,I$9,I$10)) -> 107 | J24: {=IF(MAX(IF((Main!$D$6:$D$798="ДПМУ")*(Main!$B$6:$B$798='Стан БГ'!C24)*(Main!$C$6:$C$798='Стан БГ'!H23),Main!$A$6:$A$798,0),L24,N24,P24,R24,T24)>0,MAX(IF((Main!$D$6:$D$798="ДПМУ")*(Main!$B$6:$B$798='Стан БГ'!C24)*(Main!$C$6:$C$798='Стан БГ'!H23),Main!$A$6:$A$798,0),L24,N24,P24,R24,T24),"")} | K24: =IF($D23=1,K$8,IF($D23=2,K$9,K$10)) -> 92 | L24: {=IF(MAX(IF((Main!$D$6:$D$798="ДСМУ")*(Main!$B$6:$B$798='Стан БГ'!C24)*(Main!$C$6:$C$798='Стан БГ'!H23),Main!$A$6:$A$798,0),N24,R24,T24)>0,MAX(IF((Main!$D$6:$D$798="ДСМУ")*(Main!$B$6:$B$798='Стан БГ'!C24)*(Main!$C$6:$C$798='Стан БГ'!H23),Main!$A$6:$A$798,0),N24,R24,T24),"")} | M24: =IF($D23=1,M$8,IF($D23=2,M$9,M$10)) -> 77 | N24: {=IF(MAX(IF((Main!$D$6:$D$798="ДВМП")*(Main!$B$6:$B$798='Стан БГ'!C24)*(Main!$C$6:$C$798='Стан БГ'!H23),Main!$A$6:$A$798,0),T24)>0,MAX(IF((Main!$D$6:$D$798="ДВМП")*(Main!$B$6:$B$798='Стан БГ'!C24)*(Main!$C$6:$C$798='Стан БГ'!H23),Main!$A$6:$A$798,0),T24),"")} | O24: =IF($D23=1,O$8,IF($D23=2,O$9,O$10)) -> 92 | P24: {=IF(MAX(IF((Main!$D$6:$D$798="НПМУ")*(Main!$B$6:$B$798='Стан БГ'!C24)*(Main!$C$6:$C$798='Стан БГ'!H23),Main!$A$6:$A$798,0),R24,T24)>0,MAX(IF((Main!$D$6:$D$798="НПМУ")*(Main!$B$6:$B$798='Стан БГ'!C24)*(Main!$C$6:$C$798='Стан БГ'!H23),Main!$A$6:$A$798,0),R24,T24),"")} | Q24: =IF($D23=1,Q$8,IF($D23=2,Q$9,Q$10)) -> 77 | R24: {=IF(MAX(IF((Main!$D$6:$D$798="НСМУ")*(Main!$B$6:$B$798='Стан БГ'!C24)*(Main!$C$6:$C$798='Стан БГ'!H23),Main!$A$6:$A$798,0),T24)>0,MAX(IF((Main!$D$6:$D$798="НСМУ")*(Main!$B$6:$B$798='Стан БГ'!C24)*(Main!$C$6:$C$798='Стан БГ'!H23),Main!$A$6:$A$798,0),T24),"")} | S24: =IF($D23=1,S$8,IF($D23=2,S$9,S$10)) -> 61 | T24: {=IF(MAX(IF((Main!$D$6:$D$798="НВМП")*(Main!$B$6:$B$798='Стан БГ'!C24)*(Main!$C$6:$C$798='Стан БГ'!H23),Main!$A$6:$A$798,0))>0,MAX(IF((Main!$D$6:$D$798="НВМП")*(Main!$B$6:$B$798='Стан БГ'!C24)*(Main!$C$6:$C$798='Стан БГ'!H23),Main!$A$6:$A$798,0)),"")} | U24: =IF($D23=1,U$8,IF($D23=2,U$9,IF($D23=3,U$10))) -> 365 | V24: 45776 | W24: =IF($D23=1,W$8,IF($D23=2,W$9,IF($D23=3,W$10))) -> 365 | X24: 45644 | Y24: =IF($D23=1,Y$8,IF($D23=2,Y$9,IF($D23=3,Y$10))) -> 365 | Z24: 45692 | AA24: =IF($D23=1,AA$8,IF($D23=2,AA$9,IF($D23=3,AA$10))) -> 365 | AB24: 45671 | AC24: =IF($D23=1,AC$8,IF($D23=2,AC$9,IF($D23=3,AC$10))) -> 365 | AD24: 45671 | AE24: =IF($D23=1,AE$8,IF($D23=2,AE$9,IF($D23=3,AE$10))) -> 365 | AF24: 45693 | AG24: =IF($D23=1,AG$8,IF($D23=2,AG$9,IF($D23=3,AG$10))) -> 365 | AH24: 45693 | AI24: =IF($D23=1,AI$8,IF($D23=2,AI$9,IF($D23=3,AI$10))) -> 365 | AJ24: 45693 | AK24: =IF($D23=1,AK$8,IF($D23=2,AK$9,IF($D23=3,AK$10))) -> 365 | AM24: =IF($D23=1,AM$8,IF($D23=2,AM$9,IF($D23=3,AM$10))) -> 365 | AN24: 45649 | AO24: =IF($D23=1,AO$8,IF($D23=2,AO$9,IF($D23=3,AO$10))) -> 184 | AP24: 45653 | AQ24: =IF($D23=1,AQ$8,IF($D23=2,AQ$9,IF($D23=3,AQ$10))) -> 365 | AR24: 45589 | AS24: =IF($D23=1,AS$8,IF($D23=2,AS$9,IF($D23=3,AS$10))) -> 365 | AT24: 45485 | AU24: =IF($D23=1,AU$8,IF($D23=2,AU$9,IF($D23=3,AU$10))) -> 1095 | AV24: 45391 | AW24: =IF($D23=1,AW$8,IF($D23=2,AW$9,IF($D23=3,AW$10))) -> 365 | AX24: {=IF(MAX(IF((ISNUMBER(SEARCH("Складний пілотаж",Main!$M$6:$M$798)))*(Main!$B$6:$B$798='Стан БГ'!C24),Main!$A$6:$A$798,0))>0,MAX(IF((ISNUMBER(SEARCH("Складний пілотаж",Main!$M$6:$M$798)))*(Main!$B$6:$B$798='Стан БГ'!C24),Main!$A$6:$A$798,0)),"18.12.2024")} -> 18.12.2024 | AY24: =IF($D23=1,AY$8,IF($D23=2,AY$9,IF($D23=3,AY$10))) -> 365 | AZ24: {=IF(MAX(IF((ISNUMBER(SEARCH("Мала висота",Main!$M$6:$M$798)))*(Main!$B$6:$B$798='Стан БГ'!C24),Main!$A$6:$A$798,0))>0,MAX(IF((ISNUMBER(SEARCH("Мала висота",Main!$M$6:$M$798)))*(Main!$B$6:$B$798='Стан БГ'!C24),Main!$A$6:$A$798,0)),"04.02.2025")} -> 04.02.2025 | BA24: =IF($D23=1,BA$8,IF($D23=2,BA$9,IF($D23=3,BA$10))) -> 122 | BB24: {=IF(MAX(IF((ISNUMBER(SEARCH("Гр. мала висота (ОНБ)",Main!$M$6:$M$798)))*(Main!$B$6:$B$798='Стан БГ'!C24),Main!$A$6:$A$798,0))>0,MAX(IF((ISNUMBER(SEARCH("Гр. мала висота (ОНБ)",Main!$M$6:$M$798)))*(Main!$B$6:$B$798='Стан БГ'!C24),Main!$A$6:$A$798,0)),"14.01.2025")} -> 14.01.2025 | BC24: =IF($D23=1,BC$8,IF($D23=2,BC$9,IF($D23=3,BC$10))) -> 184 | BD24: {=IF(MAX(IF((ISNUMBER(SEARCH("Бойове застосування",Main!$M$6:$M$798)))*(Main!$B$6:$B$798='Стан БГ'!C24),Main!$A$6:$A$798,0))>0,MAX(IF((ISNUMBER(SEARCH("Бойове застосування",Main!$M$6:$M$798)))*(Main!$B$6:$B$798='Стан БГ'!C24),Main!$A$6:$A$798,0)),"14.01.2025")} -> 14.01.2025 | BE24: =IF($D23=1,BE$8,IF($D23=2,BE$9,IF($D23=3,BE$10))) -> 184 | BF24: {=IF(MAX(IF((ISNUMBER(SEARCH("Групова злітаність",Main!$M$6:$M$798)))*(Main!$B$6:$B$798='Стан БГ'!C24),Main!$A$6:$A$798,0))>0,MAX(IF((ISNUMBER(SEARCH("Групова злітаність",Main!$M$6:$M$798)))*(Main!$B$6:$B$798='Стан БГ'!C24),Main!$A$6:$A$798,0)),"05.02.2025")} -> 05.02.2025 | BG24: =IF($D23=1,BG$8,IF($D23=2,BG$9,IF($D23=3,BG$10))) -> 365 | BH24: {=IF(MAX(IF((ISNUMBER(SEARCH("На десантування",Main!$M$6:$M$798)))*(Main!$B$6:$B$798='Стан БГ'!C24),Main!$A$6:$A$798,0))>0,MAX(IF((ISNUMBER(SEARCH("На десантування",Main!$M$6:$M$798)))*(Main!$B$6:$B$798='Стан БГ'!C24),Main!$A$6:$A$798,0)),"05.02.2025")} -> 05.02.2025 | BI24: =IF($D23=1,BI$8,IF($D23=2,BI$9,IF($D23=3,BI$10))) -> 184 | BJ24: 45693
I25: =IF(AND(J23=1,OR($G23="вп",$G23="вд",$G23="шп",$G23="оа")),1,0) -> 0 | J25: =IF(J24="",0,IF($C$2<(I24+J24)-15,2,IF($C$2<(I24+J24),1,"0"))) -> 0 | L25: =IF(L24="",0,IF($C$2<(K24+L24)-15,2,IF($C$2<(K24+L24),1,"0"))) -> 0 | N25: =IF(N24="",0,IF($C$2<(M24+N24)-15,2,IF($C$2<(M24+N24),1,"0"))) -> 0 | P25: =IF(P24="",0,IF($C$2<(O24+P24)-15,2,IF($C$2<(O24+P24),1,"0"))) -> 0 | R25: =IF(R24="",0,IF($C$2<(Q24+R24)-15,2,IF($C$2<(Q24+R24),1,"0"))) -> 0 | T25: =IF(T24="",0,IF($C$2<(S24+T24)-15,2,IF($C$2<(S24+T24),1,"0"))) -> 0 | AP25: =IF(AP24 = "",0,IF($C$2<(AO24+AP24)-15,2,IF($C$2<(AO24+AP24),1,"0"))) -> 0 | AR25: =IF(AR24 = "",0,IF($C$2<(AQ24+AR24)-15,2,IF($C$2<(AQ24+AR24),1,"0"))) -> 0
H26: Мі-8 | I26: 1 | J26: 0 | L26: 0 | N26: 0 | P26: 0 | R26: 0 | T26: 0
I27: =I24 -> 107 | J27: {=IF(MAX(IF((Main!$D$6:$D$798="ДПМУ")*(Main!$B$6:$B$798='Стан БГ'!C24)*(Main!$C$6:$C$798='Стан БГ'!H26),Main!$A$6:$A$798,0),L27,N27,P27,R27,T27)>0,MAX(IF((Main!$D$6:$D$798="ДПМУ")*(Main!$B$6:$B$798='Стан БГ'!C24)*(Main!$C$6:$C$798='Стан БГ'!H26),Main!$A$6:$A$798,0),L27,N27,P27,R27,T27),"")} | K27: =K24 -> 92 | L27: {=IF(MAX(IF((Main!$D$6:$D$798="ДСМУ")*(Main!$B$6:$B$798='Стан БГ'!C24)*(Main!$C$6:$C$798='Стан БГ'!H26),Main!$A$6:$A$798,0),N27,R27,T27)>0,MAX(IF((Main!$D$6:$D$798="ДСМУ")*(Main!$B$6:$B$798='Стан БГ'!C24)*(Main!$C$6:$C$798='Стан БГ'!H26),Main!$A$6:$A$798,0),N27,R27,T27),"")} | M27: =M24 -> 77 | N27: {=IF(MAX(IF((Main!$D$6:$D$798="ДВМП")*(Main!$B$6:$B$798='Стан БГ'!C24)*(Main!$C$6:$C$798='Стан БГ'!H26),Main!$A$6:$A$798,0),T27)>0,MAX(IF((Main!$D$6:$D$798="ДВМП")*(Main!$B$6:$B$798='Стан БГ'!C24)*(Main!$C$6:$C$798='Стан БГ'!H26),Main!$A$6:$A$798,0),T27),"")} | O27: =O24 -> 92 | P27: {=IF(MAX(IF((Main!$D$6:$D$798="НПМУ")*(Main!$B$6:$B$798='Стан БГ'!C24)*(Main!$C$6:$C$798='Стан БГ'!H26),Main!$A$6:$A$798,0),R27,T27)>0,MAX(IF((Main!$D$6:$D$798="НПМУ")*(Main!$B$6:$B$798='Стан БГ'!C24)*(Main!$C$6:$C$798='Стан БГ'!H26),Main!$A$6:$A$798,0),R27,T27),"")} | Q27: =Q24 -> 77 | R27: {=IF(MAX(IF((Main!$D$6:$D$798="НСМУ")*(Main!$B$6:$B$798='Стан БГ'!C24)*(Main!$C$6:$C$798='Стан БГ'!H26),Main!$A$6:$A$798,0),T27)>0,MAX(IF((Main!$D$6:$D$798="НСМУ")*(Main!$B$6:$B$798='Стан БГ'!C24)*(Main!$C$6:$C$798='Стан БГ'!H26),Main!$A$6:$A$798,0),T27),"")} | S27: =S24 -> 61 | T27: {=IF(MAX(IF((Main!$D$6:$D$798="НВМП")*(Main!$B$6:$B$798='Стан БГ'!C24)*(Main!$C$6:$C$798='Стан БГ'!H26),Main!$A$6:$A$798,0))>0,MAX(IF((Main!$D$6:$D$798="НВМП")*(Main!$B$6:$B$798='Стан БГ'!C24)*(Main!$C$6:$C$798='Стан БГ'!H26),Main!$A$6:$A$798,0)),"")} | U27: =U24 -> 365 | W27: =IF($D23=1,W$8,IF($D23=2,W$9,IF($D23=3,W$10))) -> 365 | Y27: =IF($D23=1,Y$8,IF($D23=2,Y$9,IF($D23=3,Y$10))) -> 365 | AA27: =IF($D23=1,AA$8,IF($D23=2,AA$9,IF($D23=3,AA$10))) -> 365 | AC27: =IF($D23=1,AC$8,IF($D23=2,AC$9,IF($D23=3,AC$10))) -> 365 | AE27: =AE24 -> 365 | AG27: =AG24 -> 365 | AI27: =AI24 -> 365 | AK27: =AK24 -> 365 | AM27: =AM24 -> 365 | AO27: =IF($D26=1,AO$8,IF($D26=2,AO$9,IF($D26=3,AO$10))) -> FALSE | AQ27: =IF($D26=1,AQ$8,IF($D26=2,AQ$9,IF($D26=3,AQ$10))) -> FALSE | AR27: 45768 | AS27: =IF($D26=1,AS$8,IF($D26=2,AS$9,IF($D26=3,AS$10))) -> FALSE | AU27: =IF($D26=1,AU$8,IF($D26=2,AU$9,IF($D26=3,AU$10))) -> FALSE | AW27: =IF($D23=1,AW$8,IF($D23=2,AW$9,IF($D23=3,AW$10))) -> 365 | AY27: =IF($D23=1,AY$8,IF($D23=2,AY$9,IF($D23=3,AY$10))) -> 365 | BA27: =IF($D23=1,BA$8,IF($D23=2,BA$9,IF($D23=3,BA$10))) -> 122 | BC27: =IF($D23=1,BC$8,IF($D23=2,BC$9,IF($D23=3,BC$10))) -> 184 | BE27: =BE24 -> 184 | BG27: =BG24 -> 365 | BI27: =BI24 -> 184
I28: =IF(AND(J23=1,OR($G23="вп",$G23="вд",$G23="шп",$G23="оа")),1,0) -> 0 | J28: =IF(J27="",0,IF($C$2<(I27+J27)-15,2,IF($C$2<(I27+J27),1,"0"))) -> 0 | L28: =IF(L27="",0,IF($C$2<(K27+L27)-15,2,IF($C$2<(K27+L27),1,"0"))) -> 0 | N28: =IF(N27="",0,IF($C$2<(M27+N27)-15,2,IF($C$2<(M27+N27),1,"0"))) -> 0 | P28: =IF(P27="",0,IF($C$2<(O27+P27)-15,2,IF($C$2<(O27+P27),1,"0"))) -> 0 | R28: =IF(R27="",0,IF($C$2<(Q27+R27)-15,2,IF($C$2<(Q27+R27),1,"0"))) -> 0 | T28: =IF(T27="",0,IF($C$2<(S27+T27)-15,2,IF($C$2<(S27+T27),1,"0"))) -> 0 | V28: =IF(V24 = "",0,IF($C$2<(U24+V24)-15,2,IF($C$2<(U24+V24),1,"0"))) -> 2 | X28: =IF(X24 = "",0,IF($C$2<(W24+X24)-15,2,IF($C$2<(W24+X24),1,"0"))) -> 0 | Z28: =IF(Z24 = "",0,IF($C$2<(Y24+Z24)-15,2,IF($C$2<(Y24+Z24),1,"0"))) -> 0 | AB28: =IF(AB24 = "",0,IF($C$2<(AA24+AB24)-15,2,IF($C$2<(AA24+AB24),1,"0"))) -> 0 | AD28: =IF(AD24 = "",0,IF($C$2<(AC24+AD24)-15,2,IF($C$2<(AC24+AD24),1,"0"))) -> 0 | AF28: =IF(AF24 = "",0,IF($C$2<(AE24+AF24)-15,2,IF($C$2<(AE24+AF24),1,"0"))) -> 0 | AH28: =IF(AH24 = "",0,IF($C$2<(AG24+AH24)-15,2,IF($C$2<(AG24+AH24),1,"0"))) -> 0 | AJ28: =IF(AJ24 = "",0,IF($C$2<(AI24+AJ24)-15,2,IF($C$2<(AI24+AJ24),1,"0"))) -> 0 | AL28: =IF(AL24 = "",0,IF($C$2<(AK24+AL24)-15,2,IF($C$2<(AK24+AL24),1,"0"))) -> 0 | AN28: =IF(AN24 = "",0,IF($C$2<(AM24+AN24)-15,2,IF($C$2<(AM24+AN24),1,"0"))) -> 0 | AP28: =IF(AP27 = "",0,IF($C$2<(AO24+AP27)-15,2,IF($C$2<(AO24+AP27),1,"0"))) -> 0 | AR28: =IF(AR27 = "",0,IF($C$2<(AQ24+AR27)-15,2,IF($C$2<(AQ24+AR27),1,"0"))) -> 2 | AT28: =IF(AT24 = "",0,IF($C$2<(AS24+AT24)-15,2,IF($C$2<(AS24+AT24),1,"0"))) -> 0 | AV28: =IF(AV24 = "",0,IF($C$2<(AU24+AV24)-15,2,IF($C$2<(AU24+AV24),1,"0"))) -> 2 | AX28: =IF(AX24 = "",0,IF($C$2<(AW24+AX24)-15,2,IF($C$2<(AW24+AX24),1,"0"))) -> 0 | AZ28: =IF(AZ24 = "",0,IF($C$2<(AY24+AZ24)-15,2,IF($C$2<(AY24+AZ24),1,"0"))) -> 0 | BB28: =IF(BB24 = "",0,IF($C$2<(BA24+BB24)-15,2,IF($C$2<(BA24+BB24),1,"0"))) -> 0 | BD28: =IF(BD24 = "",0,IF($C$2<(BC24+BD24)-15,2,IF($C$2<(BC24+BD24),1,"0"))) -> 0 | BF28: =IF(BF24 = "",0,IF($C$2<(BE24+BF24)-15,2,IF($C$2<(BE24+BF24),1,"0"))) -> 0 | BH28: =IF(BH24 = "",0,IF($C$2<(BG24+BH24)-15,2,IF($C$2<(BG24+BH24),1,"0"))) -> 0 | BJ28: =IF(BJ24 = "",0,IF($C$2<(BI24+BJ24)-15,2,IF($C$2<(BI24+BJ24),1,"0"))) -> 0
A29: 4 | B29: Начальник ЛМВ | E29: 1 | F29: =IF(E29=1,1.5,1) -> 1.5 | I29: 1 | J29: =IF(OR(J31=1,J31=2),1,0) -> 0 | K29: 1 | L29: =IF(OR(L31=1,L31=2),1,0) -> 0 | M29: 1 | N29: =IF(OR(N31=1,N31=2),1,0) -> 0 | O29: 1 | P29: =IF(OR(P31=1,P31=2),1,0) -> 0 | Q29: 1 | R29: =IF(OR(R31=1,R31=2),1,0) -> 0 | S29: 1 | T29: =IF(OR(T31=1,T31=2),1,0) -> 0
I30: =IF($D29=1,I$8,IF($D29=2,I$9,I$10)) -> 76 | J30: {=IF(MAX(IF((Main!$D$6:$D$798="ДПМУ")*(Main!$B$6:$B$798='Стан БГ'!C30)*(Main!$C$6:$C$798='Стан БГ'!H29),Main!$A$6:$A$798,0),L30,N30,P30,R30,T30)>0,MAX(IF((Main!$D$6:$D$798="ДПМУ")*(Main!$B$6:$B$798='Стан БГ'!C30)*(Main!$C$6:$C$798='Стан БГ'!H29),Main!$A$6:$A$798,0),L30,N30,P30,R30,T30),"")} | K30: =IF($D29=1,K$8,IF($D29=2,K$9,K$10)) -> 61 | L30: {=IF(MAX(IF((Main!$D$6:$D$798="ДСМУ")*(Main!$B$6:$B$798='Стан БГ'!C30)*(Main!$C$6:$C$798='Стан БГ'!H29),Main!$A$6:$A$798,0),N30,R30,T30)>0,MAX(IF((Main!$D$6:$D$798="ДСМУ")*(Main!$B$6:$B$798='Стан БГ'!C30)*(Main!$C$6:$C$798='Стан БГ'!H29),Main!$A$6:$A$798,0),N30,R30,T30),"")} | M30: =IF($D29=1,M$8,IF($D29=2,M$9,M$10)) -> 46 | N30: {=IF(MAX(IF((Main!$D$6:$D$798="ДВМП")*(Main!$B$6:$B$798='Стан БГ'!C30)*(Main!$C$6:$C$798='Стан БГ'!H29),Main!$A$6:$A$798,0),T30)>0,MAX(IF((Main!$D$6:$D$798="ДВМП")*(Main!$B$6:$B$798='Стан БГ'!C30)*(Main!$C$6:$C$798='Стан БГ'!H29),Main!$A$6:$A$798,0),T30),"")} | O30: =IF($D29=1,O$8,IF($D29=2,O$9,O$10)) -> 61 | P30: {=IF(MAX(IF((Main!$D$6:$D$798="НПМУ")*(Main!$B$6:$B$798='Стан БГ'!C30)*(Main!$C$6:$C$798='Стан БГ'!H29),Main!$A$6:$A$798,0),R30,T30)>0,MAX(IF((Main!$D$6:$D$798="НПМУ")*(Main!$B$6:$B$798='Стан БГ'!C30)*(Main!$C$6:$C$798='Стан БГ'!H29),Main!$A$6:$A$798,0),R30,T30),"")} | Q30: =IF($D29=1,Q$8,IF($D29=2,Q$9,Q$10)) -> 46 | R30: {=IF(MAX(IF((Main!$D$6:$D$798="НСМУ")*(Main!$B$6:$B$798='Стан БГ'!C30)*(Main!$C$6:$C$798='Стан БГ'!H29),Main!$A$6:$A$798,0),T30)>0,MAX(IF((Main!$D$6:$D$798="НСМУ")*(Main!$B$6:$B$798='Стан БГ'!C30)*(Main!$C$6:$C$798='Стан БГ'!H29),Main!$A$6:$A$798,0),T30),"")} | S30: =IF($D29=1,S$8,IF($D29=2,S$9,S$10)) -> 30 | T30: {=IF(MAX(IF((Main!$D$6:$D$798="НВМП")*(Main!$B$6:$B$798='Стан БГ'!C30)*(Main!$C$6:$C$798='Стан БГ'!H29),Main!$A$6:$A$798,0))>0,MAX(IF((Main!$D$6:$D$798="НВМП")*(Main!$B$6:$B$798='Стан БГ'!C30)*(Main!$C$6:$C$798='Стан БГ'!H29),Main!$A$6:$A$798,0)),"")} | U30: =IF($D29=1,U$8,IF($D29=2,U$9,IF($D29=3,U$10))) -> FALSE | W30: =IF($D29=1,W$8,IF($D29=2,W$9,IF($D29=3,W$10))) -> FALSE | Y30: =IF($D29=1,Y$8,IF($D29=2,Y$9,IF($D29=3,Y$10))) -> FALSE | AA30: =IF($D29=1,AA$8,IF($D29=2,AA$9,IF($D29=3,AA$10))) -> FALSE | AC30: =IF($D29=1,AC$8,IF($D29=2,AC$9,IF($D29=3,AC$10))) -> FALSE | AE30: =IF($D29=1,AE$8,IF($D29=2,AE$9,IF($D29=3,AE$10))) -> FALSE | AG30: =IF($D29=1,AG$8,IF($D29=2,AG$9,IF($D29=3,AG$10))) -> FALSE | AI30: =IF($D29=1,AI$8,IF($D29=2,AI$9,IF($D29=3,AI$10))) -> FALSE | AK30: =IF($D29=1,AK$8,IF($D29=2,AK$9,IF($D29=3,AK$10))) -> FALSE | AM30: =IF($D29=1,AM$8,IF($D29=2,AM$9,IF($D29=3,AM$10))) -> FALSE | AO30: =IF($D29=1,AO$8,IF($D29=2,AO$9,IF($D29=3,AO$10))) -> FALSE | AQ30: =IF($D29=1,AQ$8,IF($D29=2,AQ$9,IF($D29=3,AQ$10))) -> FALSE | AS30: =IF($D29=1,AS$8,IF($D29=2,AS$9,IF($D29=3,AS$10))) -> FALSE | AU30: =IF($D29=1,AU$8,IF($D29=2,AU$9,IF($D29=3,AU$10))) -> FALSE | AW30: =IF($D29=1,AW$8,IF($D29=2,AW$9,IF($D29=3,AW$10))) -> FALSE | AX30: {=IF(MAX(IF((ISNUMBER(SEARCH("Складний пілотаж",Main!$M$6:$M$798)))*(Main!$B$6:$B$798='Стан БГ'!C30),Main!$A$6:$A$798,0))>0,MAX(IF((ISNUMBER(SEARCH("Складний пілотаж",Main!$M$6:$M$798)))*(Main!$B$6:$B$798='Стан БГ'!C30),Main!$A$6:$A$798,0)),"")} | AY30: =IF($D29=1,AY$8,IF($D29=2,AY$9,IF($D29=3,AY$10))) -> FALSE | AZ30: {=IF(MAX(IF((ISNUMBER(SEARCH("Мала висота",Main!$M$6:$M$798)))*(Main!$B$6:$B$798='Стан БГ'!C30),Main!$A$6:$A$798,0))>0,MAX(IF((ISNUMBER(SEARCH("Мала висота",Main!$M$6:$M$798)))*(Main!$B$6:$B$798='Стан БГ'!C30),Main!$A$6:$A$798,0)),"")} | BA30: =IF($D29=1,BA$8,IF($D29=2,BA$9,IF($D29=3,BA$10))) -> FALSE | BB30: {=IF(MAX(IF((ISNUMBER(SEARCH("Гр. мала висота (ОНБ)",Main!$M$6:$M$798)))*(Main!$B$6:$B$798='Стан БГ'!C30),Main!$A$6:$A$798,0))>0,MAX(IF((ISNUMBER(SEARCH("Гр. мала висота (ОНБ)",Main!$M$6:$M$798)))*(Main!$B$6:$B$798='Стан БГ'!C30),Main!$A$6:$A$798,0)),"")} | BC30: =IF($D29=1,BC$8,IF($D29=2,BC$9,IF($D29=3,BC$10))) -> FALSE | BD30: {=IF(MAX(IF((ISNUMBER(SEARCH("Бойове застосування",Main!$M$6:$M$798)))*(Main!$B$6:$B$798='Стан БГ'!C30),Main!$A$6:$A$798,0))>0,MAX(IF((ISNUMBER(SEARCH("Бойове застосування",Main!$M$6:$M$798)))*(Main!$B$6:$B$798='Стан БГ'!C30),Main!$A$6:$A$798,0)),"")} | BE30: =IF($D29=1,BE$8,IF($D29=2,BE$9,IF($D29=3,BE$10))) -> FALSE | BF30: {=IF(MAX(IF((ISNUMBER(SEARCH("Групова злітаність",Main!$M$6:$M$798)))*(Main!$B$6:$B$798='Стан БГ'!C30),Main!$A$6:$A$798,0))>0,MAX(IF((ISNUMBER(SEARCH("Групова злітаність",Main!$M$6:$M$798)))*(Main!$B$6:$B$798='Стан БГ'!C30),Main!$A$6:$A$798,0)),"")} | BG30: =IF($D29=1,BG$8,IF($D29=2,BG$9,IF($D29=3,BG$10))) -> FALSE | BH30: {=IF(MAX(IF((ISNUMBER(SEARCH("На десантування",Main!$M$6:$M$798)))*(Main!$B$6:$B$798='Стан БГ'!C30),Main!$A$6:$A$798,0))>0,MAX(IF((ISNUMBER(SEARCH("На десантування",Main!$M$6:$M$798)))*(Main!$B$6:$B$798='Стан БГ'!C30),Main!$A$6:$A$798,0)),"")} | BI30: =IF($D29=1,BI$8,IF($D29=2,BI$9,IF($D29=3,BI$10))) -> FALSE
I31: =IF(AND(J29=1,OR($G29="вп",$G29="вд",$G29="шп",$G29="оа")),1,0) -> 0 | J31: =IF(J30="",0,IF($C$2<(I30+J30)-15,2,IF($C$2<(I30+J30),1,"0"))) -> 0 | L31: =IF(L30="",0,IF($C$2<(K30+L30)-15,2,IF($C$2<(K30+L30),1,"0"))) -> 0 | N31: =IF(N30="",0,IF($C$2<(M30+N30)-15,2,IF($C$2<(M30+N30),1,"0"))) -> 0 | P31: =IF(P30="",0,IF($C$2<(O30+P30)-15,2,IF($C$2<(O30+P30),1,"0"))) -> 0 | R31: =IF(R30="",0,IF($C$2<(Q30+R30)-15,2,IF($C$2<(Q30+R30),1,"0"))) -> 0 | T31: =IF(T30="",0,IF($C$2<(S30+T30)-15,2,IF($C$2<(S30+T30),1,"0"))) -> 0 | AP31: =IF(AP30 = "",0,IF($C$2<(AO30+AP30)-15,2,IF($C$2<(AO30+AP30),1,"0"))) -> 0 | AR31: =IF(AR30 = "",0,IF($C$2<(AQ30+AR30)-15,2,IF($C$2<(AQ30+AR30),1,"0"))) -> 0
I32: 1 | J32: 0 | L32: 0 | N32: 0 | P32: 0 | R32: 0 | T32: 0
I33: =I30 -> 76 | J33: {=IF(MAX(IF((Main!$D$6:$D$798="ДПМУ")*(Main!$B$6:$B$798='Стан БГ'!C30)*(Main!$C$6:$C$798='Стан БГ'!H32),Main!$A$6:$A$798,0),L33,N33,P33,R12,T33)>0,MAX(IF((Main!$D$6:$D$798="ДПМУ")*(Main!$B$6:$B$798='Стан БГ'!C30)*(Main!$C$6:$C$798='Стан БГ'!H32),Main!$A$6:$A$798,0),L33,N33,P33,R33,T33),"")} | K33: =K30 -> 61 | L33: {=IF(MAX(IF((Main!$D$6:$D$798="ДСМУ")*(Main!$B$6:$B$798='Стан БГ'!C30)*(Main!$C$6:$C$798='Стан БГ'!H32),Main!$A$6:$A$798,0),N33,R12,T33)>0,MAX(IF((Main!$D$6:$D$798="ДСМУ")*(Main!$B$6:$B$798='Стан БГ'!C30)*(Main!$C$6:$C$798='Стан БГ'!H32),Main!$A$6:$A$798,0),N33,R33,T33),"")} | M33: =M30 -> 46 | N33: {=IF(MAX(IF((Main!$D$6:$D$798="ДВМП")*(Main!$B$6:$B$798='Стан БГ'!C30)*(Main!$C$6:$C$798='Стан БГ'!H32),Main!$A$6:$A$798,0),T33)>0,MAX(IF((Main!$D$6:$D$798="ДВМП")*(Main!$B$6:$B$798='Стан БГ'!C30)*(Main!$C$6:$C$798='Стан БГ'!H32),Main!$A$6:$A$798,0),T33),"")} | O33: =O30 -> 61 | P33: {=IF(MAX(IF((Main!$D$6:$D$798="НПМУ")*(Main!$B$6:$B$798='Стан БГ'!C30)*(Main!$C$6:$C$798='Стан БГ'!H32),Main!$A$6:$A$798,0),R12,T33)>0,MAX(IF((Main!$D$6:$D$798="НПМУ")*(Main!$B$6:$B$798='Стан БГ'!C30)*(Main!$C$6:$C$798='Стан БГ'!H32),Main!$A$6:$A$798,0),R33,T33),"")} | Q33: =Q30 -> 46 | R33: {=IF(MAX(IF((Main!$D$6:$D$798="НСМУ")*(Main!$B$6:$B$798='Стан БГ'!C30)*(Main!$C$6:$C$798='Стан БГ'!H32),Main!$A$6:$A$798,0),T33)>0,MAX(IF((Main!$D$6:$D$798="НСМУ")*(Main!$B$6:$B$798='Стан БГ'!C30)*(Main!$C$6:$C$798='Стан БГ'!H32),Main!$A$6:$A$798,0),T33),"")} | S33: =S30 -> 30 | T33: {=IF(MAX(IF((Main!$D$6:$D$798="НВМП")*(Main!$B$6:$B$798='Стан БГ'!C30)*(Main!$C$6:$C$798='Стан БГ'!H32),Main!$A$6:$A$798,0))>0,MAX(IF((Main!$D$6:$D$798="НВМП")*(Main!$B$6:$B$798='Стан БГ'!C30)*(Main!$C$6:$C$798='Стан БГ'!H32),Main!$A$6:$A$798,0)),"")} | U33: =U30 -> FALSE | W33: =IF($D29=1,W$8,IF($D29=2,W$9,IF($D29=3,W$10))) -> FALSE | Y33: =IF($D29=1,Y$8,IF($D29=2,Y$9,IF($D29=3,Y$10))) -> FALSE | AA33: =IF($D29=1,AA$8,IF($D29=2,AA$9,IF($D29=3,AA$10))) -> FALSE | AC33: =IF($D29=1,AC$8,IF($D29=2,AC$9,IF($D29=3,AC$10))) -> FALSE | AE33: =AE30 -> FALSE | AG33: =AG30 -> FALSE | AI33: =AI30 -> FALSE | AK33: =AK30 -> FALSE | AM33: =AM30 -> FALSE | AO33: =IF($D32=1,AO$8,IF($D32=2,AO$9,IF($D32=3,AO$10))) -> FALSE | AQ33: =IF($D32=1,AQ$8,IF($D32=2,AQ$9,IF($D32=3,AQ$10))) -> FALSE | AS33: =IF($D32=1,AS$8,IF($D32=2,AS$9,IF($D32=3,AS$10))) -> FALSE | AU33: =IF($D32=1,AU$8,IF($D32=2,AU$9,IF($D32=3,AU$10))) -> FALSE | AW33: =IF($D29=1,AW$8,IF($D29=2,AW$9,IF($D29=3,AW$10))) -> FALSE | AY33: =IF($D29=1,AY$8,IF($D29=2,AY$9,IF($D29=3,AY$10))) -> FALSE | BA33: =IF($D29=1,BA$8,IF($D29=2,BA$9,IF($D29=3,BA$10))) -> FALSE | BC33: =IF($D29=1,BC$8,IF($D29=2,BC$9,IF($D29=3,BC$10))) -> FALSE | BE33: =BE30 -> FALSE | BG33: =BG30 -> FALSE | BI33: =BI30 -> FALSE
I34: =IF(AND(J29=1,OR($G29="вп",$G29="вд",$G29="шп",$G29="оа")),1,0) -> 0 | J34: =IF(J33="",0,IF($C$2<(I33+J33)-15,2,IF($C$2<(I33+J33),1,"0"))) -> 0 | L34: =IF(L33="",0,IF($C$2<(K33+L33)-15,2,IF($C$2<(K33+L33),1,"0"))) -> 0 | N34: =IF(N33="",0,IF($C$2<(M33+N33)-15,2,IF($C$2<(M33+N33),1,"0"))) -> 0 | P34: =IF(P33="",0,IF($C$2<(O33+P33)-15,2,IF($C$2<(O33+P33),1,"0"))) -> 0 | R34: =IF(R33="",0,IF($C$2<(Q33+R33)-15,2,IF($C$2<(Q33+R33),1,"0"))) -> 0 | T34: =IF(T33="",0,IF($C$2<(S33+T33)-15,2,IF($C$2<(S33+T33),1,"0"))) -> 0 | V34: =IF(V30 = "",0,IF($C$2<(U30+V30)-15,2,IF($C$2<(U30+V30),1,"0"))) -> 0 | X34: =IF(X30 = "",0,IF($C$2<(W30+X30)-15,2,IF($C$2<(W30+X30),1,"0"))) -> 0 | Z34: =IF(Z30 = "",0,IF($C$2<(Y30+Z30)-15,2,IF($C$2<(Y30+Z30),1,"0"))) -> 0 | AA34: =IF(AA30 = "",0,IF($C$2<(Z30+AA30)-15,2,IF($C$2<(Z30+AA30),1,"0"))) -> 0 | AB34: =IF(AB30 = "",0,IF($C$2<(AA30+AB30)-15,2,IF($C$2<(AA30+AB30),1,"0"))) -> 0 | AC34: =IF(AC30 = "",0,IF($C$2<(AB30+AC30)-15,2,IF($C$2<(AB30+AC30),1,"0"))) -> 0 | AD34: =IF(AD30 = "",0,IF($C$2<(AC30+AD30)-15,2,IF($C$2<(AC30+AD30),1,"0"))) -> 0 | AE34: =IF(AE30 = "",0,IF($C$2<(AD30+AE30)-15,2,IF($C$2<(AD30+AE30),1,"0"))) -> 0 | AF34: =IF(AF30 = "",0,IF($C$2<(AE30+AF30)-15,2,IF($C$2<(AE30+AF30),1,"0"))) -> 0 | AH34: =IF(AH30 = "",0,IF($C$2<(AG30+AH30)-15,2,IF($C$2<(AG30+AH30),1,"0"))) -> 0 | AJ34: =IF(AJ30 = "",0,IF($C$2<(AI30+AJ30)-15,2,IF($C$2<(AI30+AJ30),1,"0"))) -> 0 | AL34: =IF(AL30 = "",0,IF($C$2<(AK30+AL30)-15,2,IF($C$2<(AK30+AL30),1,"0"))) -> 0 | AN34: =IF(AN30 = "",0,IF($C$2<(AM30+AN30)-15,2,IF($C$2<(AM30+AN30),1,"0"))) -> 0 | AP34: =IF(AP33 = "",0,IF($C$2<(AO30+AP33)-15,2,IF($C$2<(AO30+AP33),1,"0"))) -> 0 | AR34: =IF(AR33 = "",0,IF($C$2<(AQ30+AR33)-15,2,IF($C$2<(AQ30+AR33),1,"0"))) -> 0 | AT34: =IF(AT30 = "",0,IF($C$2<(AS30+AT30)-15,2,IF($C$2<(AS30+AT30),1,"0"))) -> 0 | AV34: =IF(AV30 = "",0,IF($C$2<(AU30+AV30)-15,2,IF($C$2<(AU30+AV30),1,"0"))) -> 0 | AX34: =IF(AX30 = "",0,IF($C$2<(AW30+AX30)-15,2,IF($C$2<(AW30+AX30),1,"0"))) -> 0 | AZ34: =IF(AZ30 = "",0,IF($C$2<(AY30+AZ30)-15,2,IF($C$2<(AY30+AZ30),1,"0"))) -> 0 | BB34: =IF(BB30 = "",0,IF($C$2<(BA30+BB30)-15,2,IF($C$2<(BA30+BB30),1,"0"))) -> 0 | BD34: =IF(BD30 = "",0,IF($C$2<(BC30+BD30)-15,2,IF($C$2<(BC30+BD30),1,"0"))) -> 0 | BF34: =IF(BF30 = "",0,IF($C$2<(BE30+BF30)-15,2,IF($C$2<(BE30+BF30),1,"0"))) -> 0 | BH34: =IF(BH30 = "",0,IF($C$2<(BG30+BH30)-15,2,IF($C$2<(BG30+BH30),1,"0"))) -> 0 | BJ34: =IF(BJ30 = "",0,IF($C$2<(BI30+BJ30)-15,2,IF($C$2<(BI30+BJ30),1,"0"))) -> 0
A36: 1 | B36: Начальник ЛВК | D36: 1 | E36: 1 | F36: =IF(E36=1,1.5,1) -> 1.5 | H36: Су-24 | I36: 1 | J36: =IF(OR(J38=1,J38=2),1,0) -> 0 | K36: 1 | L36: =IF(OR(L38=1,L38=2),1,0) -> 0 | M36: 1 | N36: =IF(OR(N38=1,N38=2),1,0) -> 0 | O36: 1 | P36: =IF(OR(P38=1,P38=2),1,0) -> 0 | Q36: 1 | R36: =IF(OR(R38=1,R38=2),1,0) -> 0 | S36: 1 | T36: =IF(OR(T38=1,T38=2),1,0) -> 0
C37: п-к Чебаков М.М. | I37: =IF($D36=1,I$8,IF($D36=2,I$9,I$10)) -> 107 | J37: {=IF(MAX(IF((Main!$D$6:$D$798="ДПМУ")*(Main!$B$6:$B$798='Стан БГ'!C37)*(Main!$C$6:$C$798='Стан БГ'!H36),Main!$A$6:$A$798,0),L37,N37,P37,R37,T37)>0,MAX(IF((Main!$D$6:$D$798="ДПМУ")*(Main!$B$6:$B$798='Стан БГ'!C37)*(Main!$C$6:$C$798='Стан БГ'!H36),Main!$A$6:$A$798,0),L37,N37,P37,R37,T37),"14.05.2022")} -> 44695 | K37: =IF($D36=1,K$8,IF($D36=2,K$9,K$10)) -> 92 | L37: {=IF(MAX(IF((Main!$D$6:$D$798="ДСМУ")*(Main!$B$6:$B$798='Стан БГ'!C37)*(Main!$C$6:$C$798='Стан БГ'!H36),Main!$A$6:$A$798,0),N37,R37,T37)>0,MAX(IF((Main!$D$6:$D$798="ДСМУ")*(Main!$B$6:$B$798='Стан БГ'!C37)*(Main!$C$6:$C$798='Стан БГ'!H36),Main!$A$6:$A$798,0),N37,R37,T37),Date(2022,5,14))} -> 44695 | M37: =IF($D36=1,M$8,IF($D36=2,M$9,M$10)) -> 77 | N37: {=IF(MAX(IF((Main!$D$6:$D$798="ДВМП")*(Main!$B$6:$B$798='Стан БГ'!C37)*(Main!$C$6:$C$798='Стан БГ'!H36),Main!$A$6:$A$798,0),T37)>0,MAX(IF((Main!$D$6:$D$798="ДВМП")*(Main!$B$6:$B$798='Стан БГ'!C37)*(Main!$C$6:$C$798='Стан БГ'!H36),Main!$A$6:$A$798,0),T37),"")} | O37: =IF($D36=1,O$8,IF($D36=2,O$9,O$10)) -> 92 | P37: {=IF(MAX(IF((Main!$D$6:$D$798="НПМУ")*(Main!$B$6:$B$798='Стан БГ'!C37)*(Main!$C$6:$C$798='Стан БГ'!H36),Main!$A$6:$A$798,0),R37,T37)>0,MAX(IF((Main!$D$6:$D$798="НПМУ")*(Main!$B$6:$B$798='Стан БГ'!C37)*(Main!$C$6:$C$798='Стан БГ'!H36),Main!$A$6:$A$798,0),R37,T37),"23.04.2022")} -> 23.04.2022 | Q37: =IF($D36=1,Q$8,IF($D36=2,Q$9,Q$10)) -> 77 | R37: {=IF(MAX(IF((Main!$D$6:$D$798="НСМУ")*(Main!$B$6:$B$798='Стан БГ'!C37)*(Main!$C$6:$C$798='Стан БГ'!H36),Main!$A$6:$A$798,0),T37)>0,MAX(IF((Main!$D$6:$D$798="НСМУ")*(Main!$B$6:$B$798='Стан БГ'!C37)*(Main!$C$6:$C$798='Стан БГ'!H36),Main!$A$6:$A$798,0),T37),"23.04.2022")} -> 23.04.2022 | S37: =IF($D36=1,S$8,IF($D36=2,S$9,S$10)) -> 61 | T37: {=IF(MAX(IF((Main!$D$6:$D$798="НВМП")*(Main!$B$6:$B$798='Стан БГ'!C37)*(Main!$C$6:$C$798='Стан БГ'!H36),Main!$A$6:$A$798,0))>0,MAX(IF((Main!$D$6:$D$798="НВМП")*(Main!$B$6:$B$798='Стан БГ'!C37)*(Main!$C$6:$C$798='Стан БГ'!H36),Main!$A$6:$A$798,0)),"")} | U37: =IF($D36=1,U$8,IF($D36=2,U$9,IF($D36=3,U$10))) -> 365 | W37: =IF($D36=1,W$8,IF($D36=2,W$9,IF($D36=3,W$10))) -> 365 | X37: 45763 | Y37: =IF($D36=1,Y$8,IF($D36=2,Y$9,IF($D36=3,Y$10))) -> 365 | Z37: 45763 | AA37: =IF($D36=1,AA$8,IF($D36=2,AA$9,IF($D36=3,AA$10))) -> 365 | AC37: =IF($D36=1,AC$8,IF($D36=2,AC$9,IF($D36=3,AC$10))) -> 365 | AD37: 45763 | AE37: =IF($D36=1,AE$8,IF($D36=2,AE$9,IF($D36=3,AE$10))) -> 365 | AF37: 45763 | AG37: =IF($D36=1,AG$8,IF($D36=2,AG$9,IF($D36=3,AG$10))) -> 365 | AH37: 45763 | AI37: =IF($D36=1,AI$8,IF($D36=2,AI$9,IF($D36=3,AI$10))) -> 365 | AJ37: 45763 | AK37: =IF($D36=1,AK$8,IF($D36=2,AK$9,IF($D36=3,AK$10))) -> 365 | AM37: =IF($D36=1,AM$8,IF($D36=2,AM$9,IF($D36=3,AM$10))) -> 365 | AN37: 45653 | AO37: =IF($D36=1,AO$8,IF($D36=2,AO$9,IF($D36=3,AO$10))) -> 184 | AP37: 45761 | AQ37: =IF($D36=1,AQ$8,IF($D36=2,AQ$9,IF($D36=3,AQ$10))) -> 365 | AR37: 45553 | AS37: =IF($D36=1,AS$8,IF($D36=2,AS$9,IF($D36=3,AS$10))) -> 365 | AT37: 45682 | AU37: =IF($D36=1,AU$8,IF($D36=2,AU$9,IF($D36=3,AU$10))) -> 1095 | AV37: Зв. | AW37: =IF($D36=1,AW$8,IF($D36=2,AW$9,IF($D36=3,AW$10))) -> 365 | AX37: {=IF(MAX(IF((ISNUMBER(SEARCH("Складний пілотаж",Main!$M$6:$M$798)))*(Main!$B$6:$B$798='Стан БГ'!C37),Main!$A$6:$A$798,0))>0,MAX(IF((ISNUMBER(SEARCH("Складний пілотаж",Main!$M$6:$M$798)))*(Main!$B$6:$B$798='Стан БГ'!C37),Main!$A$6:$A$798,0)),"")} | AY37: =IF($D36=1,AY$8,IF($D36=2,AY$9,IF($D36=3,AY$10))) -> 365 | AZ37: {=IF(MAX(IF((ISNUMBER(SEARCH("Мала висота",Main!$M$6:$M$798)))*(Main!$B$6:$B$798='Стан БГ'!C37),Main!$A$6:$A$798,0))>0,MAX(IF((ISNUMBER(SEARCH("Мала висота",Main!$M$6:$M$798)))*(Main!$B$6:$B$798='Стан БГ'!C37),Main!$A$6:$A$798,0)),"")} | BA37: =IF($D36=1,BA$8,IF($D36=2,BA$9,IF($D36=3,BA$10))) -> 122 | BB37: {=IF(MAX(IF((ISNUMBER(SEARCH("Гр. мала висота (ОНБ)",Main!$M$6:$M$798)))*(Main!$B$6:$B$798='Стан БГ'!C37),Main!$A$6:$A$798,0))>0,MAX(IF((ISNUMBER(SEARCH("Гр. мала висота (ОНБ)",Main!$M$6:$M$798)))*(Main!$B$6:$B$798='Стан БГ'!C37),Main!$A$6:$A$798,0)),"")} | BC37: =IF($D36=1,BC$8,IF($D36=2,BC$9,IF($D36=3,BC$10))) -> 184 | BD37: {=IF(MAX(IF((ISNUMBER(SEARCH("Бойове застосування",Main!$M$6:$M$798)))*(Main!$B$6:$B$798='Стан БГ'!C37),Main!$A$6:$A$798,0))>0,MAX(IF((ISNUMBER(SEARCH("Бойове застосування",Main!$M$6:$M$798)))*(Main!$B$6:$B$798='Стан БГ'!C37),Main!$A$6:$A$798,0)),"")} | BE37: =IF($D36=1,BE$8,IF($D36=2,BE$9,IF($D36=3,BE$10))) -> 184 | BF37: {=IF(MAX(IF((ISNUMBER(SEARCH("Групова злітаність",Main!$M$6:$M$798)))*(Main!$B$6:$B$798='Стан БГ'!C37),Main!$A$6:$A$798,0))>0,MAX(IF((ISNUMBER(SEARCH("Групова злітаність",Main!$M$6:$M$798)))*(Main!$B$6:$B$798='Стан БГ'!C37),Main!$A$6:$A$798,0)),"")} | BG37: =IF($D36=1,BG$8,IF($D36=2,BG$9,IF($D36=3,BG$10))) -> 365 | BH37: {=IF(MAX(IF((ISNUMBER(SEARCH("На десантування",Main!$M$6:$M$798)))*(Main!$B$6:$B$798='Стан БГ'!C37),Main!$A$6:$A$798,0))>0,MAX(IF((ISNUMBER(SEARCH("На десантування",Main!$M$6:$M$798)))*(Main!$B$6:$B$798='Стан БГ'!C37),Main!$A$6:$A$798,0)),"")} | BI37: =IF($D36=1,BI$8,IF($D36=2,BI$9,IF($D36=3,BI$10))) -> 184
I38: =IF(AND(J36=1,OR($G36="вп",$G36="вд",$G36="шп",$G36="оа")),1,0) -> 0 | J38: =IF(J37="",0,IF($C$2<(I37+J37)-15,2,IF($C$2<(I37+J37),1,"0"))) -> 0 | L38: =IF(L37="",0,IF($C$2<(K37+L37)-15,2,IF($C$2<(K37+L37),1,"0"))) -> 0 | N38: =IF(N37="",0,IF($C$2<(M37+N37)-15,2,IF($C$2<(M37+N37),1,"0"))) -> 0 | P38: =IF(P37="",0,IF($C$2<(O37+P37)-15,2,IF($C$2<(O37+P37),1,"0"))) -> 0 | R38: =IF(R37="",0,IF($C$2<(Q37+R37)-15,2,IF($C$2<(Q37+R37),1,"0"))) -> 0 | T38: =IF(T37="",0,IF($C$2<(S37+T37)-15,2,IF($C$2<(S37+T37),1,"0"))) -> 0 | AP38: =IF(AP37 = "",0,IF($C$2<(AO37+AP37)-15,2,IF($C$2<(AO37+AP37),1,"0"))) -> 0 | AR38: =IF(AR37 = "",0,IF($C$2<(AQ37+AR37)-15,2,IF($C$2<(AQ37+AR37),1,"0"))) -> 0
I39: 1 | J39: 0 | L39: 0 | N39: 0 | P39: 0 | R39: 0 | T39: 0
I40: =I37 -> 107 | J40: {=IF(MAX(IF((Main!$D$6:$D$798="ДПМУ")*(Main!$B$6:$B$798='Стан БГ'!C37)*(Main!$C$6:$C$798='Стан БГ'!H39),Main!$A$6:$A$798,0),L40,N40,P40,R40,T40)>0,MAX(IF((Main!$D$6:$D$798="ДПМУ")*(Main!$B$6:$B$798='Стан БГ'!C37)*(Main!$C$6:$C$798='Стан БГ'!H39),Main!$A$6:$A$798,0),L40,N40,P40,R40,T40),"")} | K40: =K37 -> 92 | L40: {=IF(MAX(IF((Main!$D$6:$D$798="ДСМУ")*(Main!$B$6:$B$798='Стан БГ'!C37)*(Main!$C$6:$C$798='Стан БГ'!H39),Main!$A$6:$A$798,0),N40,R40,T40)>0,MAX(IF((Main!$D$6:$D$798="ДСМУ")*(Main!$B$6:$B$798='Стан БГ'!C37)*(Main!$C$6:$C$798='Стан БГ'!H39),Main!$A$6:$A$798,0),N40,R40,T40),"")} | M40: =M37 -> 77 | N40: {=IF(MAX(IF((Main!$D$6:$D$798="ДВМП")*(Main!$B$6:$B$798='Стан БГ'!C37)*(Main!$C$6:$C$798='Стан БГ'!H39),Main!$A$6:$A$798,0),T40)>0,MAX(IF((Main!$D$6:$D$798="ДВМП")*(Main!$B$6:$B$798='Стан БГ'!C37)*(Main!$C$6:$C$798='Стан БГ'!H39),Main!$A$6:$A$798,0),T40),"")} | O40: =O37 -> 92 | P40: {=IF(MAX(IF((Main!$D$6:$D$798="НПМУ")*(Main!$B$6:$B$798='Стан БГ'!C37)*(Main!$C$6:$C$798='Стан БГ'!H39),Main!$A$6:$A$798,0),R40,T40)>0,MAX(IF((Main!$D$6:$D$798="НПМУ")*(Main!$B$6:$B$798='Стан БГ'!C37)*(Main!$C$6:$C$798='Стан БГ'!H39),Main!$A$6:$A$798,0),R40,T40),"")} | Q40: =Q37 -> 77 | R40: {=IF(MAX(IF((Main!$D$6:$D$798="НСМУ")*(Main!$B$6:$B$798='Стан БГ'!C37)*(Main!$C$6:$C$798='Стан БГ'!H39),Main!$A$6:$A$798,0),T40)>0,MAX(IF((Main!$D$6:$D$798="НСМУ")*(Main!$B$6:$B$798='Стан БГ'!C37)*(Main!$C$6:$C$798='Стан БГ'!H39),Main!$A$6:$A$798,0),T40),"")} | S40: =S37 -> 61 | T40: {=IF(MAX(IF((Main!$D$6:$D$798="НВМП")*(Main!$B$6:$B$798='Стан БГ'!C37)*(Main!$C$6:$C$798='Стан БГ'!H39),Main!$A$6:$A$798,0))>0,MAX(IF((Main!$D$6:$D$798="НВМП")*(Main!$B$6:$B$798='Стан БГ'!C37)*(Main!$C$6:$C$798='Стан БГ'!H39),Main!$A$6:$A$798,0)),"")} | U40: =U37 -> 365 | W40: =IF($D36=1,W$8,IF($D36=2,W$9,IF($D36=3,W$10))) -> 365 | Y40: =IF($D36=1,Y$8,IF($D36=2,Y$9,IF($D36=3,Y$10))) -> 365 | AA40: =IF($D36=1,AA$8,IF($D36=2,AA$9,IF($D36=3,AA$10))) -> 365 | AC40: =IF($D36=1,AC$8,IF($D36=2,AC$9,IF($D36=3,AC$10))) -> 365 | AE40: =AE37 -> 365 | AG40: =AG37 -> 365 | AI40: =AI37 -> 365 | AK40: =AK37 -> 365 | AM40: =AM37 -> 365 | AO40: =IF($D39=1,AO$8,IF($D39=2,AO$9,IF($D39=3,AO$10))) -> FALSE | AQ40: =IF($D39=1,AQ$8,IF($D39=2,AQ$9,IF($D39=3,AQ$10))) -> FALSE | AR40: 45733 | AS40: =IF($D39=1,AS$8,IF($D39=2,AS$9,IF($D39=3,AS$10))) -> FALSE | AU40: =IF($D39=1,AU$8,IF($D39=2,AU$9,IF($D39=3,AU$10))) -> FALSE | AW40: =IF($D36=1,AW$8,IF($D36=2,AW$9,IF($D36=3,AW$10))) -> 365 | AY40: =IF($D36=1,AY$8,IF($D36=2,AY$9,IF($D36=3,AY$10))) -> 365 | BA40: =IF($D36=1,BA$8,IF($D36=2,BA$9,IF($D36=3,BA$10))) -> 122 | BC40: =IF($D36=1,BC$8,IF($D36=2,BC$9,IF($D36=3,BC$10))) -> 184 | BE40: =BE37 -> 184 | BG40: =BG37 -> 365 | BI40: =BI37 -> 184
I41: =IF(AND(J36=1,OR($G36="вп",$G36="вд",$G36="шп",$G36="оа")),1,0) -> 0 | J41: =IF(J40="",0,IF($C$2<(I40+J40)-15,2,IF($C$2<(I40+J40),1,"0"))) -> 0 | L41: =IF(L40="",0,IF($C$2<(K40+L40)-15,2,IF($C$2<(K40+L40),1,"0"))) -> 0 | N41: =IF(N40="",0,IF($C$2<(M40+N40)-15,2,IF($C$2<(M40+N40),1,"0"))) -> 0 | P41: =IF(P40="",0,IF($C$2<(O40+P40)-15,2,IF($C$2<(O40+P40),1,"0"))) -> 0 | R41: =IF(R40="",0,IF($C$2<(Q40+R40)-15,2,IF($C$2<(Q40+R40),1,"0"))) -> 0 | T41: =IF(T40="",0,IF($C$2<(S40+T40)-15,2,IF($C$2<(S40+T40),1,"0"))) -> 0 | V41: =IF(V37 = "",0,IF($C$2<(U37+V37)-15,2,IF($C$2<(U37+V37),1,"0"))) -> 0 | X41: =IF(X37 = "",0,IF($C$2<(W37+X37)-15,2,IF($C$2<(W37+X37),1,"0"))) -> 2 | Z41: =IF(Z37 = "",0,IF($C$2<(Y37+Z37)-15,2,IF($C$2<(Y37+Z37),1,"0"))) -> 2 | AB41: =IF(AB37 = "",0,IF($C$2<(AA37+AB37)-15,2,IF($C$2<(AA37+AB37),1,"0"))) -> 0 | AD41: =IF(AD37 = "",0,IF($C$2<(AC37+AD37)-15,2,IF($C$2<(AC37+AD37),1,"0"))) -> 2 | AF41: =IF(AF37 = "",0,IF($C$2<(AE37+AF37)-15,2,IF($C$2<(AE37+AF37),1,"0"))) -> 2 | AH41: =IF(AH37 = "",0,IF($C$2<(AG37+AH37)-15,2,IF($C$2<(AG37+AH37),1,"0"))) -> 2 | AJ41: =IF(AJ37 = "",0,IF($C$2<(AI37+AJ37)-15,2,IF($C$2<(AI37+AJ37),1,"0"))) -> 2 | AL41: =IF(AL37 = "",0,IF($C$2<(AK37+AL37)-15,2,IF($C$2<(AK37+AL37),1,"0"))) -> 0 | AN41: =IF(AN37 = "",0,IF($C$2<(AM37+AN37)-15,2,IF($C$2<(AM37+AN37),1,"0"))) -> 0 | AP41: =IF(AP40 = "",0,IF($C$2<(AO37+AP40)-15,2,IF($C$2<(AO37+AP40),1,"0"))) -> 0 | AR41: =IF(AR40 = "",0,IF($C$2<(AQ37+AR40)-15,2,IF($C$2<(AQ37+AR40),1,"0"))) -> 2 | AT41: =IF(AT37 = "",0,IF($C$2<(AS37+AT37)-15,2,IF($C$2<(AS37+AT37),1,"0"))) -> 0 | AV41: =IF(AV37 = "",0,IF($C$2<(AU37+AV37)-15,2,IF($C$2<(AU37+AV37),1,"0"))) -> #VALUE! | AX41: =IF(AX37 = "",0,IF($C$2<(AW37+AX37)-15,2,IF($C$2<(AW37+AX37),1,"0"))) -> 0 | AZ41: =IF(AZ37 = "",0,IF($C$2<(AY37+AZ37)-15,2,IF($C$2<(AY37+AZ37),1,"0"))) -> 0 | BB41: =IF(BB37 = "",0,IF($C$2<(BA37+BB37)-15,2,IF($C$2<(BA37+BB37),1,"0"))) -> 0 | BD41: =IF(BD37 = "",0,IF($C$2<(BC37+BD37)-15,2,IF($C$2<(BC37+BD37),1,"0"))) -> 0 | BF41: =IF(BF37 = "",0,IF($C$2<(BE37+BF37)-15,2,IF($C$2<(BE37+BF37),1,"0"))) -> 0 | BH41: =IF(BH37 = "",0,IF($C$2<(BG37+BH37)-15,2,IF($C$2<(BG37+BH37),1,"0"))) -> 0 | BJ41: =IF(BJ37 = "",0,IF($C$2<(BI37+BJ37)-15,2,IF($C$2<(BI37+BJ37),1,"0"))) -> 0
A42: 2 | B42: ЗН ЛВК | D42: 2 | E42: 1 | F42: =IF(E42=1,1.5,1) -> 1.5 | H42: Л-39 | I42: 1 | J42: =IF(OR(J44=1,J44=2),1,0) -> 1 | K42: 1 | L42: =IF(OR(L44=1,L44=2),1,0) -> 1 | M42: 1 | N42: =IF(OR(N44=1,N44=2),1,0) -> 0 | O42: 1 | P42: =IF(OR(P44=1,P44=2),1,0) -> 0 | Q42: 1 | R42: =IF(OR(R44=1,R44=2),1,0) -> 0 | S42: 1 | T42: =IF(OR(T44=1,T44=2),1,0) -> 0
C43: п/п-к Гагін Є.Ю. | I43: =IF($D42=1,I$8,IF($D42=2,I$9,I$10)) -> 92 | J43: {=IF(MAX(IF((Main!$D$6:$D$798="ДПМУ")*(Main!$B$6:$B$798='Стан БГ'!C43)*(Main!$C$6:$C$798='Стан БГ'!H42),Main!$A$6:$A$798,0),L43,N43,P43,R43,T43)>0,MAX(IF((Main!$D$6:$D$798="ДПМУ")*(Main!$B$6:$B$798='Стан БГ'!C43)*(Main!$C$6:$C$798='Стан БГ'!H42),Main!$A$6:$A$798,0),L43,N43,P43,R43,T43),"21.12.2024")} -> 46036 | K43: =IF($D42=1,K$8,IF($D42=2,K$9,K$10)) -> 77 | L43: {=IF(MAX(IF((Main!$D$6:$D$798="ДСМУ")*(Main!$B$6:$B$798='Стан БГ'!C43)*(Main!$C$6:$C$798='Стан БГ'!H42),Main!$A$6:$A$798,0),N43,R43,T43)>0,MAX(IF((Main!$D$6:$D$798="ДСМУ")*(Main!$B$6:$B$798='Стан БГ'!C43)*(Main!$C$6:$C$798='Стан БГ'!H42),Main!$A$6:$A$798,0),N43,R43,T43),"21.12.2024")} -> 46036 | M43: =IF($D42=1,M$8,IF($D42=2,M$9,M$10)) -> 61 | N43: {=IF(MAX(IF((Main!$D$6:$D$798="ДВМП")*(Main!$B$6:$B$798='Стан БГ'!C43)*(Main!$C$6:$C$798='Стан БГ'!H42),Main!$A$6:$A$798,0),T43)>0,MAX(IF((Main!$D$6:$D$798="ДВМП")*(Main!$B$6:$B$798='Стан БГ'!C43)*(Main!$C$6:$C$798='Стан БГ'!H42),Main!$A$6:$A$798,0),T43),"")} | O43: =IF($D42=1,O$8,IF($D42=2,O$9,O$10)) -> 77 | P43: {=IF(MAX(IF((Main!$D$6:$D$798="НПМУ")*(Main!$B$6:$B$798='Стан БГ'!C43)*(Main!$C$6:$C$798='Стан БГ'!H42),Main!$A$6:$A$798,0),R43,T43)>0,MAX(IF((Main!$D$6:$D$798="НПМУ")*(Main!$B$6:$B$798='Стан БГ'!C43)*(Main!$C$6:$C$798='Стан БГ'!H42),Main!$A$6:$A$798,0),R43,T43),"")} | Q43: =IF($D42=1,Q$8,IF($D42=2,Q$9,Q$10)) -> 61 | R43: {=IF(MAX(IF((Main!$D$6:$D$798="НСМУ")*(Main!$B$6:$B$798='Стан БГ'!C43)*(Main!$C$6:$C$798='Стан БГ'!H42),Main!$A$6:$A$798,0),T43)>0,MAX(IF((Main!$D$6:$D$798="НСМУ")*(Main!$B$6:$B$798='Стан БГ'!C43)*(Main!$C$6:$C$798='Стан БГ'!H42),Main!$A$6:$A$798,0),T43),"")} | S43: =IF($D42=1,S$8,IF($D42=2,S$9,S$10)) -> 46 | T43: {=IF(MAX(IF((Main!$D$6:$D$798="НВМП")*(Main!$B$6:$B$798='Стан БГ'!C43)*(Main!$C$6:$C$798='Стан БГ'!H42),Main!$A$6:$A$798,0))>0,MAX(IF((Main!$D$6:$D$798="НВМП")*(Main!$B$6:$B$798='Стан БГ'!C43)*(Main!$C$6:$C$798='Стан БГ'!H42),Main!$A$6:$A$798,0)),"")} | U43: =IF($D42=1,U$8,IF($D42=2,U$9,IF($D42=3,U$10))) -> 365 | W43: =IF($D42=1,W$8,IF($D42=2,W$9,IF($D42=3,W$10))) -> 365 | X43: 46035 | Y43: =IF($D42=1,Y$8,IF($D42=2,Y$9,IF($D42=3,Y$10))) -> 365 | Z43: 46035 | AA43: =IF($D42=1,AA$8,IF($D42=2,AA$9,IF($D42=3,AA$10))) -> 365 | AB43: 46035 | AC43: =IF($D42=1,AC$8,IF($D42=2,AC$9,IF($D42=3,AC$10))) -> 365 | AD43: 46035 | AE43: =IF($D42=1,AE$8,IF($D42=2,AE$9,IF($D42=3,AE$10))) -> 365 | AF43: 46035 | AG43: =IF($D42=1,AG$8,IF($D42=2,AG$9,IF($D42=3,AG$10))) -> 365 | AH43: 46035 | AI43: =IF($D42=1,AI$8,IF($D42=2,AI$9,IF($D42=3,AI$10))) -> 365 | AJ43: 46035 | AK43: =IF($D42=1,AK$8,IF($D42=2,AK$9,IF($D42=3,AK$10))) -> 365 | AM43: =IF($D42=1,AM$8,IF($D42=2,AM$9,IF($D42=3,AM$10))) -> 365 | AN43: 45650 | AO43: =IF($D42=1,AO$8,IF($D42=2,AO$9,IF($D42=3,AO$10))) -> 184 | AP43: 45747 | AQ43: =IF($D42=1,AQ$8,IF($D42=2,AQ$9,IF($D42=3,AQ$10))) -> 365 | AR43: 45708 | AS43: =IF($D42=1,AS$8,IF($D42=2,AS$9,IF($D42=3,AS$10))) -> 365 | AT43: 45567 | AU43: =IF($D42=1,AU$8,IF($D42=2,AU$9,IF($D42=3,AU$10))) -> 1095 | AV43: 45752 | AW43: =IF($D42=1,AW$8,IF($D42=2,AW$9,IF($D42=3,AW$10))) -> 365 | AX43: {=IF(MAX(IF((ISNUMBER(SEARCH("Складний пілотаж",Main!$M$6:$M$798)))*(Main!$B$6:$B$798='Стан БГ'!C43),Main!$A$6:$A$798,0))>0,MAX(IF((ISNUMBER(SEARCH("Складний пілотаж",Main!$M$6:$M$798)))*(Main!$B$6:$B$798='Стан БГ'!C43),Main!$A$6:$A$798,0)),"07.02.2024")} -> 46035 | AY43: =IF($D42=1,AY$8,IF($D42=2,AY$9,IF($D42=3,AY$10))) -> 365 | AZ43: {=IF(MAX(IF((ISNUMBER(SEARCH("Мала висота",Main!$M$6:$M$798)))*(Main!$B$6:$B$798='Стан БГ'!C43),Main!$A$6:$A$798,0))>0,MAX(IF((ISNUMBER(SEARCH("Мала висота",Main!$M$6:$M$798)))*(Main!$B$6:$B$798='Стан БГ'!C43),Main!$A$6:$A$798,0)),"28.04.2025")} -> 28.04.2025 | BA43: =IF($D42=1,BA$8,IF($D42=2,BA$9,IF($D42=3,BA$10))) -> 122 | BB43: {=IF(MAX(IF((ISNUMBER(SEARCH("Гр. мала висота (ОНБ)",Main!$M$6:$M$798)))*(Main!$B$6:$B$798='Стан БГ'!C43),Main!$A$6:$A$798,0))>0,MAX(IF((ISNUMBER(SEARCH("Гр. мала висота (ОНБ)",Main!$M$6:$M$798)))*(Main!$B$6:$B$798='Стан БГ'!C43),Main!$A$6:$A$798,0)),"07.02.2024")} -> 07.02.2024 | BC43: =IF($D42=1,BC$8,IF($D42=2,BC$9,IF($D42=3,BC$10))) -> 184 | BD43: {=IF(MAX(IF((ISNUMBER(SEARCH("Бойове застосування",Main!$M$6:$M$798)))*(Main!$B$6:$B$798='Стан БГ'!C43),Main!$A$6:$A$798,0))>0,MAX(IF((ISNUMBER(SEARCH("Бойове застосування",Main!$M$6:$M$798)))*(Main!$B$6:$B$798='Стан БГ'!C43),Main!$A$6:$A$798,0)),"28.04.2025")} -> 46036 | BE43: =IF($D42=1,BE$8,IF($D42=2,BE$9,IF($D42=3,BE$10))) -> 184 | BF43: {=IF(MAX(IF((ISNUMBER(SEARCH("Групова злітаність",Main!$M$6:$M$798)))*(Main!$B$6:$B$798='Стан БГ'!C43),Main!$A$6:$A$798,0))>0,MAX(IF((ISNUMBER(SEARCH("Групова злітаність",Main!$M$6:$M$798)))*(Main!$B$6:$B$798='Стан БГ'!C43),Main!$A$6:$A$798,0)),"07.02.2024")} -> 07.02.2024 | BG43: =IF($D42=1,BG$8,IF($D42=2,BG$9,IF($D42=3,BG$10))) -> 365 | BH43: {=IF(MAX(IF((ISNUMBER(SEARCH("На десантування",Main!$M$6:$M$798)))*(Main!$B$6:$B$798='Стан БГ'!C43),Main!$A$6:$A$798,0))>0,MAX(IF((ISNUMBER(SEARCH("На десантування",Main!$M$6:$M$798)))*(Main!$B$6:$B$798='Стан БГ'!C43),Main!$A$6:$A$798,0)),"")} | BI43: =IF($D42=1,BI$8,IF($D42=2,BI$9,IF($D42=3,BI$10))) -> 184
I44: =IF(AND(J42=1,OR($G42="вп",$G42="вд",$G42="шп",$G42="оа")),1,0) -> 0 | J44: =IF(J43="",0,IF($C$2<(I43+J43)-15,2,IF($C$2<(I43+J43),1,"0"))) -> 2 | L44: =IF(L43="",0,IF($C$2<(K43+L43)-15,2,IF($C$2<(K43+L43),1,"0"))) -> 2 | N44: =IF(N43="",0,IF($C$2<(M43+N43)-15,2,IF($C$2<(M43+N43),1,"0"))) -> 0 | P44: =IF(P43="",0,IF($C$2<(O43+P43)-15,2,IF($C$2<(O43+P43),1,"0"))) -> 0 | R44: =IF(R43="",0,IF($C$2<(Q43+R43)-15,2,IF($C$2<(Q43+R43),1,"0"))) -> 0 | T44: =IF(T43="",0,IF($C$2<(S43+T43)-15,2,IF($C$2<(S43+T43),1,"0"))) -> 0 | AP44: =IF(AP43 = "",0,IF($C$2<(AO43+AP43)-15,2,IF($C$2<(AO43+AP43),1,"0"))) -> 0 | AR44: =IF(AR43 = "",0,IF($C$2<(AQ43+AR43)-15,2,IF($C$2<(AQ43+AR43),1,"0"))) -> 1
I45: 1 | J45: =IF(OR(J47=1,J47=2),1,0) -> 0 | K45: 1 | L45: =IF(OR(L47=1,L47=2),1,0) -> 0 | M45: 1 | N45: =IF(OR(N47=1,N47=2),1,0) -> 0 | O45: 1 | P45: =IF(OR(P47=1,P47=2),1,0) -> 0 | Q45: 1 | R45: =IF(OR(R47=1,R47=2),1,0) -> 0 | S45: 1 | T45: =IF(OR(T47=1,T47=2),1,0) -> 0
I46: =I43 -> 92 | J46: {=IF(MAX(IF((Main!$D$6:$D$798="ДПМУ")*(Main!$B$6:$B$798='Стан БГ'!C43)*(Main!$C$6:$C$798='Стан БГ'!H45),Main!$A$6:$A$798,0),L46,N46,P46,R46,T46)>0,MAX(IF((Main!$D$6:$D$798="ДПМУ")*(Main!$B$6:$B$798='Стан БГ'!C43)*(Main!$C$6:$C$798='Стан БГ'!H45),Main!$A$6:$A$798,0),L46,N46,P46,R46,T46),"")} | K46: =K43 -> 77 | L46: {=IF(MAX(IF((Main!$D$6:$D$798="ДСМУ")*(Main!$B$6:$B$798='Стан БГ'!C43)*(Main!$C$6:$C$798='Стан БГ'!H45),Main!$A$6:$A$798,0),N46,R46,T46)>0,MAX(IF((Main!$D$6:$D$798="ДСМУ")*(Main!$B$6:$B$798='Стан БГ'!C43)*(Main!$C$6:$C$798='Стан БГ'!H45),Main!$A$6:$A$798,0),N46,R46,T46),"")} | M46: =M43 -> 61 | N46: {=IF(MAX(IF((Main!$D$6:$D$798="ДВМП")*(Main!$B$6:$B$798='Стан БГ'!C43)*(Main!$C$6:$C$798='Стан БГ'!H45),Main!$A$6:$A$798,0),T46)>0,MAX(IF((Main!$D$6:$D$798="ДВМП")*(Main!$B$6:$B$798='Стан БГ'!C43)*(Main!$C$6:$C$798='Стан БГ'!H45),Main!$A$6:$A$798,0),T46),"")} | O46: =O43 -> 77 | P46: {=IF(MAX(IF((Main!$D$6:$D$798="НПМУ")*(Main!$B$6:$B$798='Стан БГ'!C43)*(Main!$C$6:$C$798='Стан БГ'!H45),Main!$A$6:$A$798,0),R46,T46)>0,MAX(IF((Main!$D$6:$D$798="НПМУ")*(Main!$B$6:$B$798='Стан БГ'!C43)*(Main!$C$6:$C$798='Стан БГ'!H45),Main!$A$6:$A$798,0),R46,T46),"")} | Q46: =Q43 -> 61 | R46: {=IF(MAX(IF((Main!$D$6:$D$798="НСМУ")*(Main!$B$6:$B$798='Стан БГ'!C43)*(Main!$C$6:$C$798='Стан БГ'!H45),Main!$A$6:$A$798,0),T46)>0,MAX(IF((Main!$D$6:$D$798="НСМУ")*(Main!$B$6:$B$798='Стан БГ'!C43)*(Main!$C$6:$C$798='Стан БГ'!H45),Main!$A$6:$A$798,0),T46),"")} | S46: =S43 -> 46 | T46: {=IF(MAX(IF((Main!$D$6:$D$798="НВМП")*(Main!$B$6:$B$798='Стан БГ'!C43)*(Main!$C$6:$C$798='Стан БГ'!H45),Main!$A$6:$A$798,0))>0,MAX(IF((Main!$D$6:$D$798="НВМП")*(Main!$B$6:$B$798='Стан БГ'!C43)*(Main!$C$6:$C$798='Стан БГ'!H45),Main!$A$6:$A$798,0)),"")} | U46: =U43 -> 365 | W46: =IF($D42=1,W$8,IF($D42=2,W$9,IF($D42=3,W$10))) -> 365 | Y46: =IF($D42=1,Y$8,IF($D42=2,Y$9,IF($D42=3,Y$10))) -> 365 | AA46: =IF($D42=1,AA$8,IF($D42=2,AA$9,IF($D42=3,AA$10))) -> 365 | AC46: =IF($D42=1,AC$8,IF($D42=2,AC$9,IF($D42=3,AC$10))) -> 365 | AE46: =AE43 -> 365 | AG46: =AG43 -> 365 | AI46: =AI43 -> 365 | AK46: =AK43 -> 365 | AM46: =AM43 -> 365 | AO46: =IF($D45=1,AO$8,IF($D45=2,AO$9,IF($D45=3,AO$10))) -> FALSE | AQ46: =IF($D45=1,AQ$8,IF($D45=2,AQ$9,IF($D45=3,AQ$10))) -> FALSE | AR46: 45888 | AS46: =IF($D45=1,AS$8,IF($D45=2,AS$9,IF($D45=3,AS$10))) -> FALSE | AU46: =IF($D45=1,AU$8,IF($D45=2,AU$9,IF($D45=3,AU$10))) -> FALSE | AW46: =IF($D42=1,AW$8,IF($D42=2,AW$9,IF($D42=3,AW$10))) -> 365 | AY46: =IF($D42=1,AY$8,IF($D42=2,AY$9,IF($D42=3,AY$10))) -> 365 | BA46: =IF($D42=1,BA$8,IF($D42=2,BA$9,IF($D42=3,BA$10))) -> 122 | BC46: =IF($D42=1,BC$8,IF($D42=2,BC$9,IF($D42=3,BC$10))) -> 184 | BE46: =BE43 -> 184 | BG46: =BG43 -> 365 | BI46: =BI43 -> 184
I47: =IF(AND(J42=1,OR($G42="вп",$G42="вд",$G42="шп",$G42="оа")),1,0) -> 0 | J47: =IF(J46="",0,IF($C$2<(I46+J46)-15,2,IF($C$2<(I46+J46),1,"0"))) -> 0 | L47: =IF(L46="",0,IF($C$2<(K46+L46)-15,2,IF($C$2<(K46+L46),1,"0"))) -> 0 | N47: =IF(N46="",0,IF($C$2<(M46+N46)-15,2,IF($C$2<(M46+N46),1,"0"))) -> 0 | P47: =IF(P46="",0,IF($C$2<(O46+P46)-15,2,IF($C$2<(O46+P46),1,"0"))) -> 0 | R47: =IF(R46="",0,IF($C$2<(Q46+R46)-15,2,IF($C$2<(Q46+R46),1,"0"))) -> 0 | T47: =IF(T46="",0,IF($C$2<(S46+T46)-15,2,IF($C$2<(S46+T46),1,"0"))) -> 0 | V47: =IF(V43 = "",0,IF($C$2<(U43+V43)-15,2,IF($C$2<(U43+V43),1,"0"))) -> 0 | X47: =IF(X43 = "",0,IF($C$2<(W43+X43)-15,2,IF($C$2<(W43+X43),1,"0"))) -> 2 | Z47: =IF(Z43 = "",0,IF($C$2<(Y43+Z43)-15,2,IF($C$2<(Y43+Z43),1,"0"))) -> 2 | AB47: =IF(AB43 = "",0,IF($C$2<(AA43+AB43)-15,2,IF($C$2<(AA43+AB43),1,"0"))) -> 2 | AD47: =IF(AD43 = "",0,IF($C$2<(AC43+AD43)-15,2,IF($C$2<(AC43+AD43),1,"0"))) -> 2 | AF47: =IF(AF43 = "",0,IF($C$2<(AE43+AF43)-15,2,IF($C$2<(AE43+AF43),1,"0"))) -> 2 | AH47: =IF(AH43 = "",0,IF($C$2<(AG43+AH43)-15,2,IF($C$2<(AG43+AH43),1,"0"))) -> 2 | AJ47: =IF(AJ43 = "",0,IF($C$2<(AI43+AJ43)-15,2,IF($C$2<(AI43+AJ43),1,"0"))) -> 2 | AL47: =IF(AL43 = "",0,IF($C$2<(AK43+AL43)-15,2,IF($C$2<(AK43+AL43),1,"0"))) -> 0 | AN47: =IF(AN43 = "",0,IF($C$2<(AM43+AN43)-15,2,IF($C$2<(AM43+AN43),1,"0"))) -> 0 | AP47: =IF(AP46 = "",0,IF($C$2<(AO43+AP46)-15,2,IF($C$2<(AO43+AP46),1,"0"))) -> 0 | AR47: =IF(AR46 = "",0,IF($C$2<(AQ43+AR46)-15,2,IF($C$2<(AQ43+AR46),1,"0"))) -> 2 | AT47: =IF(AT43 = "",0,IF($C$2<(AS43+AT43)-15,2,IF($C$2<(AS43+AT43),1,"0"))) -> 0 | AV47: =IF(AV43 = "",0,IF($C$2<(AU43+AV43)-15,2,IF($C$2<(AU43+AV43),1,"0"))) -> 2 | AX47: =IF(AX43 = "",0,IF($C$2<(AW43+AX43)-15,2,IF($C$2<(AW43+AX43),1,"0"))) -> 2 | AZ47: =IF(AZ43 = "",0,IF($C$2<(AY43+AZ43)-15,2,IF($C$2<(AY43+AZ43),1,"0"))) -> 2 | BB47: =IF(BB43 = "",0,IF($C$2<(BA43+BB43)-15,2,IF($C$2<(BA43+BB43),1,"0"))) -> 0 | BD47: =IF(BD43 = "",0,IF($C$2<(BC43+BD43)-15,2,IF($C$2<(BC43+BD43),1,"0"))) -> 2 | BF47: =IF(BF43 = "",0,IF($C$2<(BE43+BF43)-15,2,IF($C$2<(BE43+BF43),1,"0"))) -> 0 | BH47: =IF(BH43 = "",0,IF($C$2<(BG43+BH43)-15,2,IF($C$2<(BG43+BH43),1,"0"))) -> 0 | BJ47: =IF(BJ43 = "",0,IF($C$2<(BI43+BJ43)-15,2,IF($C$2<(BI43+BJ43),1,"0"))) -> 0
A48: 3 | B48: ЗН ЛВК з ЛП | D48: 1 | E48: 1 | F48: =IF(E48=1,1.5,1) -> 1.5 | G48: Вп | H48: Ми-8 | I48: 1 | J48: =IF(OR(J50=1,J50=2),1,0) -> 1 | K48: 1 | L48: =IF(OR(L50=1,L50=2),1,0) -> 1 | M48: 1 | N48: =IF(OR(N50=1,N50=2),1,0) -> 0 | O48: 1 | P48: =IF(OR(P50=1,P50=2),1,0) -> 1 | Q48: 1 | R48: =IF(OR(R50=1,R50=2),1,0) -> 0 | S48: 1 | T48: =IF(OR(T50=1,T50=2),1,0) -> 0
C49: п/п-к Кошель С.М. | I49: =IF($D48=1,I$8,IF($D48=2,I$9,I$10)) -> 107 | J49: {=IF(MAX(IF((Main!$D$6:$D$798="ДПМУ")*(Main!$B$6:$B$798='Стан БГ'!C49)*(Main!$C$6:$C$798='Стан БГ'!H48),Main!$A$6:$A$798,0),L49,N49,P49,R49,T49)>0,MAX(IF((Main!$D$6:$D$798="ДПМУ")*(Main!$B$6:$B$798='Стан БГ'!C49)*(Main!$C$6:$C$798='Стан БГ'!H48),Main!$A$6:$A$798,0),L49,N49,P49,R49,T49),"")} -> 46042 | K49: =IF($D48=1,K$8,IF($D48=2,K$9,K$10)) -> 92 | L49: {=IF(MAX(IF((Main!$D$6:$D$798="ДСМУ")*(Main!$B$6:$B$798='Стан БГ'!C49)*(Main!$C$6:$C$798='Стан БГ'!H48),Main!$A$6:$A$798,0),N49,R49,T49)>0,MAX(IF((Main!$D$6:$D$798="ДСМУ")*(Main!$B$6:$B$798='Стан БГ'!C49)*(Main!$C$6:$C$798='Стан БГ'!H48),Main!$A$6:$A$798,0),N49,R49,T49),"")} -> 46002 | M49: =IF($D48=1,M$8,IF($D48=2,M$9,M$10)) -> 77 | N49: {=IF(MAX(IF((Main!$D$6:$D$798="ДВМП")*(Main!$B$6:$B$798='Стан БГ'!C49)*(Main!$C$6:$C$798='Стан БГ'!H48),Main!$A$6:$A$798,0),T49)>0,MAX(IF((Main!$D$6:$D$798="ДВМП")*(Main!$B$6:$B$798='Стан БГ'!C49)*(Main!$C$6:$C$798='Стан БГ'!H48),Main!$A$6:$A$798,0),T49),"24.04.2024")} -> 24.04.2024 | O49: =IF($D48=1,O$8,IF($D48=2,O$9,O$10)) -> 92 | P49: {=IF(MAX(IF((Main!$D$6:$D$798="НПМУ")*(Main!$B$6:$B$798='Стан БГ'!C49)*(Main!$C$6:$C$798='Стан БГ'!H48),Main!$A$6:$A$798,0),R49,T49)>0,MAX(IF((Main!$D$6:$D$798="НПМУ")*(Main!$B$6:$B$798='Стан БГ'!C49)*(Main!$C$6:$C$798='Стан БГ'!H48),Main!$A$6:$A$798,0),R49,T49),"")} -> 46042 | Q49: =IF($D48=1,Q$8,IF($D48=2,Q$9,Q$10)) -> 77 | R49: {=IF(MAX(IF((Main!$D$6:$D$798="НСМУ")*(Main!$B$6:$B$798='Стан БГ'!C49)*(Main!$C$6:$C$798='Стан БГ'!H48),Main!$A$6:$A$798,0),T49)>0,MAX(IF((Main!$D$6:$D$798="ДНСМУ")*(Main!$B$6:$B$798='Стан БГ'!C49)*(Main!$C$6:$C$798='Стан БГ'!H48),Main!$A$6:$A$798,0),T49),"24.04.2024")} -> 24.04.2024 | S49: =IF($D48=1,S$8,IF($D48=2,S$9,S$10)) -> 61 | T49: {=IF(MAX(IF((Main!$D$6:$D$798="НВМП")*(Main!$B$6:$B$798='Стан БГ'!C49)*(Main!$C$6:$C$798='Стан БГ'!H48),Main!$A$6:$A$798,0))>0,MAX(IF((Main!$D$6:$D$798="НВМП")*(Main!$B$6:$B$798='Стан БГ'!C49)*(Main!$C$6:$C$798='Стан БГ'!H48),Main!$A$6:$A$798,0)),"24.04.2024")} -> 24.04.2024 | U49: =IF($D48=1,U$8,IF($D48=2,U$9,IF($D48=3,U$10))) -> 365 | V49: 45776 | W49: =IF($D48=1,W$8,IF($D48=2,W$9,IF($D48=3,W$10))) -> 365 | X49: 45972 | Y49: =IF($D48=1,Y$8,IF($D48=2,Y$9,IF($D48=3,Y$10))) -> 365 | Z49: 45895 | AA49: =IF($D48=1,AA$8,IF($D48=2,AA$9,IF($D48=3,AA$10))) -> 365 | AB49: 45892 | AC49: =IF($D48=1,AC$8,IF($D48=2,AC$9,IF($D48=3,AC$10))) -> 365 | AD49: 45896 | AE49: =IF($D48=1,AE$8,IF($D48=2,AE$9,IF($D48=3,AE$10))) -> 365 | AF49: 45996 | AG49: =IF($D48=1,AG$8,IF($D48=2,AG$9,IF($D48=3,AG$10))) -> 365 | AH49: 45972 | AI49: =IF($D48=1,AI$8,IF($D48=2,AI$9,IF($D48=3,AI$10))) -> 365 | AJ49: 45996 | AK49: =IF($D48=1,AK$8,IF($D48=2,AK$9,IF($D48=3,AK$10))) -> 365 | AM49: =IF($D48=1,AM$8,IF($D48=2,AM$9,IF($D48=3,AM$10))) -> 365 | AN49: 45649 | AO49: =IF($D48=1,AO$8,IF($D48=2,AO$9,IF($D48=3,AO$10))) -> 184 | AP49: 45831 | AQ49: =IF($D48=1,AQ$8,IF($D48=2,AQ$9,IF($D48=3,AQ$10))) -> 365 | AR49: 45968 | AS49: =IF($D48=1,AS$8,IF($D48=2,AS$9,IF($D48=3,AS$10))) -> 365 | AT49: 45962 | AU49: =IF($D48=1,AU$8,IF($D48=2,AU$9,IF($D48=3,AU$10))) -> 1095 | AV49: 45391 | AW49: =IF($D48=1,AW$8,IF($D48=2,AW$9,IF($D48=3,AW$10))) -> 365 | AX49: {=IF(MAX(IF((ISNUMBER(SEARCH("Складний пілотаж",Main!$M$6:$M$798)))*(Main!$B$6:$B$798='Стан БГ'!C49),Main!$A$6:$A$798,0))>0,MAX(IF((ISNUMBER(SEARCH("Складний пілотаж",Main!$M$6:$M$798)))*(Main!$B$6:$B$798='Стан БГ'!C49),Main!$A$6:$A$798,0)),"18.12.2024")} -> 45988 | AY49: =IF($D48=1,AY$8,IF($D48=2,AY$9,IF($D48=3,AY$10))) -> 365 | AZ49: {=IF(MAX(IF((ISNUMBER(SEARCH("Мала висота",Main!$M$6:$M$798)))*(Main!$B$6:$B$798='Стан БГ'!C49),Main!$A$6:$A$798,0))>0,MAX(IF((ISNUMBER(SEARCH("Мала висота",Main!$M$6:$M$798)))*(Main!$B$6:$B$798='Стан БГ'!C49),Main!$A$6:$A$798,0)),"")} -> 46042 | BA49: =IF($D48=1,BA$8,IF($D48=2,BA$9,IF($D48=3,BA$10))) -> 122 | BB49: {=IF(MAX(IF((ISNUMBER(SEARCH("Гр. мала висота (ОНБ)",Main!$M$6:$M$798)))*(Main!$B$6:$B$798='Стан БГ'!C49),Main!$A$6:$A$798,0))>0,MAX(IF((ISNUMBER(SEARCH("Гр. мала висота (ОНБ)",Main!$M$6:$M$798)))*(Main!$B$6:$B$798='Стан БГ'!C49),Main!$A$6:$A$798,0)),"21.08.2025")} -> 46042 | BC49: =IF($D48=1,BC$8,IF($D48=2,BC$9,IF($D48=3,BC$10))) -> 184 | BD49: {=IF(MAX(IF((ISNUMBER(SEARCH("Бойове застосування",Main!$M$6:$M$798)))*(Main!$B$6:$B$798='Стан БГ'!C49),Main!$A$6:$A$798,0))>0,MAX(IF((ISNUMBER(SEARCH("Бойове застосування",Main!$M$6:$M$798)))*(Main!$B$6:$B$798='Стан БГ'!C49),Main!$A$6:$A$798,0)),"13.08.2025")} -> 45989 | BE49: =IF($D48=1,BE$8,IF($D48=2,BE$9,IF($D48=3,BE$10))) -> 184 | BF49: {=IF(MAX(IF((ISNUMBER(SEARCH("Групова злітаність",Main!$M$6:$M$798)))*(Main!$B$6:$B$798='Стан БГ'!C49),Main!$A$6:$A$798,0))>0,MAX(IF((ISNUMBER(SEARCH("Групова злітаність",Main!$M$6:$M$798)))*(Main!$B$6:$B$798='Стан БГ'!C49),Main!$A$6:$A$798,0)),"05.02.2025")} -> 05.02.2025 | BG49: =IF($D48=1,BG$8,IF($D48=2,BG$9,IF($D48=3,BG$10))) -> 365 | BH49: {=IF(MAX(IF((ISNUMBER(SEARCH("На десантування",Main!$M$6:$M$798)))*(Main!$B$6:$B$798='Стан БГ'!C49),Main!$A$6:$A$798,0))>0,MAX(IF((ISNUMBER(SEARCH("На десантування",Main!$M$6:$M$798)))*(Main!$B$6:$B$798='Стан БГ'!C49),Main!$A$6:$A$798,0)),"05.02.2025")} -> 05.02.2025 | BI49: =IF($D48=1,BI$8,IF($D48=2,BI$9,IF($D48=3,BI$10))) -> 184 | BJ49: 45693
I50: =IF(AND(J48=1,OR($G48="вп",$G48="вд",$G48="шп",$G48="оа")),1,0) -> 1 | J50: =IF(J49="",0,IF($C$2<(I49+J49)-15,2,IF($C$2<(I49+J49),1,"0"))) -> 2 | L50: =IF(L49="",0,IF($C$2<(K49+L49)-15,2,IF($C$2<(K49+L49),1,"0"))) -> 2 | N50: =IF(N49="",0,IF($C$2<(M49+N49)-15,2,IF($C$2<(M49+N49),1,"0"))) -> 0 | P50: =IF(P49="",0,IF($C$2<(O49+P49)-15,2,IF($C$2<(O49+P49),1,"0"))) -> 2 | R50: =IF(R49="",0,IF($C$2<(Q49+R49)-15,2,IF($C$2<(Q49+R49),1,"0"))) -> 0 | T50: =IF(T49="",0,IF($C$2<(S49+T49)-15,2,IF($C$2<(S49+T49),1,"0"))) -> 0 | AP50: =IF(AP49 = "",0,IF($C$2<(AO49+AP49)-15,2,IF($C$2<(AO49+AP49),1,"0"))) -> 0 | AR50: =IF(AR49 = "",0,IF($C$2<(AQ49+AR49)-15,2,IF($C$2<(AQ49+AR49),1,"0"))) -> 2
H51: Ми-2 | I51: 1 | J51: =IF(OR(J53=1,J53=2),1,0) -> 0 | K51: 1 | L51: =IF(OR(L53=1,L53=2),1,0) -> 0 | M51: 1 | N51: =IF(OR(N53=1,N53=2),1,0) -> 0 | O51: 1 | P51: =IF(OR(P53=1,P53=2),1,0) -> 0 | Q51: 1 | R51: =IF(OR(R53=1,R53=2),1,0) -> 0 | S51: 1 | T51: =IF(OR(T53=1,T53=2),1,0) -> 0
I52: =I49 -> 107 | J52: {=IF(MAX(IF((Main!$D$6:$D$798="ДПМУ")*(Main!$B$6:$B$798='Стан БГ'!C49)*(Main!$C$6:$C$798='Стан БГ'!H51),Main!$A$6:$A$798,0),L52,N52,P52,R52,T52)>0,MAX(IF((Main!$D$6:$D$798="ДПМУ")*(Main!$B$6:$B$798='Стан БГ'!C49)*(Main!$C$6:$C$798='Стан БГ'!H51),Main!$A$6:$A$798,0),L52,N52,P52,R52,T52),"")} | K52: =K49 -> 92 | L52: {=IF(MAX(IF((Main!$D$6:$D$798="ДСМУ")*(Main!$B$6:$B$798='Стан БГ'!C49)*(Main!$C$6:$C$798='Стан БГ'!H51),Main!$A$6:$A$798,0),N52,R52,T52)>0,MAX(IF((Main!$D$6:$D$798="ДСМУ")*(Main!$B$6:$B$798='Стан БГ'!C49)*(Main!$C$6:$C$798='Стан БГ'!H51),Main!$A$6:$A$798,0),N52,R52,T52),"")} | M52: =M49 -> 77 | N52: {=IF(MAX(IF((Main!$D$6:$D$798="ДВМП")*(Main!$B$6:$B$798='Стан БГ'!C49)*(Main!$C$6:$C$798='Стан БГ'!H51),Main!$A$6:$A$798,0),T52)>0,MAX(IF((Main!$D$6:$D$798="ДВМП")*(Main!$B$6:$B$798='Стан БГ'!C49)*(Main!$C$6:$C$798='Стан БГ'!H51),Main!$A$6:$A$798,0),T52),"")} | O52: =O49 -> 92 | P52: {=IF(MAX(IF((Main!$D$6:$D$798="НПМУ")*(Main!$B$6:$B$798='Стан БГ'!C49)*(Main!$C$6:$C$798='Стан БГ'!H51),Main!$A$6:$A$798,0),R52,T52)>0,MAX(IF((Main!$D$6:$D$798="НПМУ")*(Main!$B$6:$B$798='Стан БГ'!C49)*(Main!$C$6:$C$798='Стан БГ'!H51),Main!$A$6:$A$798,0),R52,T52),"")} | Q52: =Q49 -> 77 | R52: {=IF(MAX(IF((Main!$D$6:$D$798="НСМУ")*(Main!$B$6:$B$798='Стан БГ'!C49)*(Main!$C$6:$C$798='Стан БГ'!H51),Main!$A$6:$A$798,0),T52)>0,MAX(IF((Main!$D$6:$D$798="НСМУ")*(Main!$B$6:$B$798='Стан БГ'!C49)*(Main!$C$6:$C$798='Стан БГ'!H51),Main!$A$6:$A$798,0),T52),"")} | S52: =S49 -> 61 | T52: {=IF(MAX(IF((Main!$D$6:$D$798="НВМП")*(Main!$B$6:$B$798='Стан БГ'!C49)*(Main!$C$6:$C$798='Стан БГ'!H51),Main!$A$6:$A$798,0))>0,MAX(IF((Main!$D$6:$D$798="НВМП")*(Main!$B$6:$B$798='Стан БГ'!C49)*(Main!$C$6:$C$798='Стан БГ'!H51),Main!$A$6:$A$798,0)),"")} | U52: =U49 -> 365 | W52: =IF($D48=1,W$8,IF($D48=2,W$9,IF($D48=3,W$10))) -> 365 | Y52: =IF($D48=1,Y$8,IF($D48=2,Y$9,IF($D48=3,Y$10))) -> 365 | AA52: =IF($D48=1,AA$8,IF($D48=2,AA$9,IF($D48=3,AA$10))) -> 365 | AC52: =IF($D48=1,AC$8,IF($D48=2,AC$9,IF($D48=3,AC$10))) -> 365 | AE52: =AE49 -> 365 | AG52: =AG49 -> 365 | AI52: =AI49 -> 365 | AK52: =AK49 -> 365 | AM52: =AM49 -> 365 | AO52: =IF($D51=1,AO$8,IF($D51=2,AO$9,IF($D51=3,AO$10))) -> FALSE | AQ52: =IF($D51=1,AQ$8,IF($D51=2,AQ$9,IF($D51=3,AQ$10))) -> FALSE | AR52: 45768 | AS52: =IF($D51=1,AS$8,IF($D51=2,AS$9,IF($D51=3,AS$10))) -> FALSE | AU52: =IF($D51=1,AU$8,IF($D51=2,AU$9,IF($D51=3,AU$10))) -> FALSE | AW52: =IF($D48=1,AW$8,IF($D48=2,AW$9,IF($D48=3,AW$10))) -> 365 | AY52: =IF($D48=1,AY$8,IF($D48=2,AY$9,IF($D48=3,AY$10))) -> 365 | BA52: =IF($D48=1,BA$8,IF($D48=2,BA$9,IF($D48=3,BA$10))) -> 122 | BC52: =IF($D48=1,BC$8,IF($D48=2,BC$9,IF($D48=3,BC$10))) -> 184 | BE52: =BE49 -> 184 | BG52: =BG49 -> 365 | BI52: =BI49 -> 184
I53: =IF(AND(J48=1,OR($G48="вп",$G48="вд",$G48="шп",$G48="оа")),1,0) -> 1 | J53: =IF(J52="",0,IF($C$2<(I52+J52)-15,2,IF($C$2<(I52+J52),1,"0"))) -> 0 | L53: =IF(L52="",0,IF($C$2<(K52+L52)-15,2,IF($C$2<(K52+L52),1,"0"))) -> 0 | N53: =IF(N52="",0,IF($C$2<(M52+N52)-15,2,IF($C$2<(M52+N52),1,"0"))) -> 0 | P53: =IF(P52="",0,IF($C$2<(O52+P52)-15,2,IF($C$2<(O52+P52),1,"0"))) -> 0 | R53: =IF(R52="",0,IF($C$2<(Q52+R52)-15,2,IF($C$2<(Q52+R52),1,"0"))) -> 0 | T53: =IF(T52="",0,IF($C$2<(S52+T52)-15,2,IF($C$2<(S52+T52),1,"0"))) -> 0 | V53: =IF(V49 = "",0,IF($C$2<(U49+V49)-15,2,IF($C$2<(U49+V49),1,"0"))) -> 2 | X53: =IF(X49 = "",0,IF($C$2<(W49+X49)-15,2,IF($C$2<(W49+X49),1,"0"))) -> 2 | Z53: =IF(Z49 = "",0,IF($C$2<(Y49+Z49)-15,2,IF($C$2<(Y49+Z49),1,"0"))) -> 2 | AB53: =IF(AB49 = "",0,IF($C$2<(AA49+AB49)-15,2,IF($C$2<(AA49+AB49),1,"0"))) -> 2 | AD53: =IF(AD49 = "",0,IF($C$2<(AC49+AD49)-15,2,IF($C$2<(AC49+AD49),1,"0"))) -> 2 | AF53: =IF(AF49 = "",0,IF($C$2<(AE49+AF49)-15,2,IF($C$2<(AE49+AF49),1,"0"))) -> 2 | AH53: =IF(AH49 = "",0,IF($C$2<(AG49+AH49)-15,2,IF($C$2<(AG49+AH49),1,"0"))) -> 2 | AJ53: =IF(AJ49 = "",0,IF($C$2<(AI49+AJ49)-15,2,IF($C$2<(AI49+AJ49),1,"0"))) -> 2 | AL53: =IF(AL49 = "",0,IF($C$2<(AK49+AL49)-15,2,IF($C$2<(AK49+AL49),1,"0"))) -> 0 | AN53: =IF(AN49 = "",0,IF($C$2<(AM49+AN49)-15,2,IF($C$2<(AM49+AN49),1,"0"))) -> 0 | AP53: =IF(AP52 = "",0,IF($C$2<(AO49+AP52)-15,2,IF($C$2<(AO49+AP52),1,"0"))) -> 0 | AR53: =IF(AR52 = "",0,IF($C$2<(AQ49+AR52)-15,2,IF($C$2<(AQ49+AR52),1,"0"))) -> 2 | AT53: =IF(AT49 = "",0,IF($C$2<(AS49+AT49)-15,2,IF($C$2<(AS49+AT49),1,"0"))) -> 2 | AV53: =IF(AV49 = "",0,IF($C$2<(AU49+AV49)-15,2,IF($C$2<(AU49+AV49),1,"0"))) -> 2 | AX53: =IF(AX49 = "",0,IF($C$2<(AW49+AX49)-15,2,IF($C$2<(AW49+AX49),1,"0"))) -> 2 | AZ53: =IF(AZ49 = "",0,IF($C$2<(AY49+AZ49)-15,2,IF($C$2<(AY49+AZ49),1,"0"))) -> 2 | BB53: =IF(BB49 = "",0,IF($C$2<(BA49+BB49)-15,2,IF($C$2<(BA49+BB49),1,"0"))) -> 2 | BD53: =IF(BD49 = "",0,IF($C$2<(BC49+BD49)-15,2,IF($C$2<(BC49+BD49),1,"0"))) -> 2 | BF53: =IF(BF49 = "",0,IF($C$2<(BE49+BF49)-15,2,IF($C$2<(BE49+BF49),1,"0"))) -> 0 | BH53: =IF(BH49 = "",0,IF($C$2<(BG49+BH49)-15,2,IF($C$2<(BG49+BH49),1,"0"))) -> 0 | BJ53: =IF(BJ49 = "",0,IF($C$2<(BI49+BJ49)-15,2,IF($C$2<(BI49+BJ49),1,"0"))) -> 0
A54: 4 | B54: Начальник БзП | D54: 1 | E54: 1 | F54: =IF(E54=1,1.5,1) -> 1.5 | G54: ПШ | H54: Л-39 | I54: 1 | J54: =IF(OR(J56=1,J56=2),1,0) -> 0 | K54: 1 | L54: =IF(OR(L56=1,L56=2),1,0) -> 0 | M54: 1 | N54: =IF(OR(N56=1,N56=2),1,0) -> 0 | O54: 1 | P54: =IF(OR(P56=1,P56=2),1,0) -> 0 | Q54: 1 | R54: =IF(OR(R56=1,R56=2),1,0) -> 0 | S54: 1 | T54: =IF(OR(T56=1,T56=2),1,0) -> 0
C55: п-к Якименко С.М. | I55: =IF($D54=1,I$8,IF($D54=2,I$9,I$10)) -> 107 | J55: {=IF(MAX(IF((Main!$D$6:$D$798="ДПМУ")*(Main!$B$6:$B$798='Стан БГ'!C55)*(Main!$C$6:$C$798='Стан БГ'!H54),Main!$A$6:$A$798,0),L55,N55,P55,R55,T55)>0,MAX(IF((Main!$D$6:$D$798="ДПМУ")*(Main!$B$6:$B$798='Стан БГ'!C55)*(Main!$C$6:$C$798='Стан БГ'!H54),Main!$A$6:$A$798,0),L55,N55,P55,R55,T55),"")} -> 45820 | K55: =IF($D54=1,K$8,IF($D54=2,K$9,K$10)) -> 92 | L55: {=IF(MAX(IF((Main!$D$6:$D$798="ДСМУ")*(Main!$B$6:$B$798='Стан БГ'!C55)*(Main!$C$6:$C$798='Стан БГ'!H54),Main!$A$6:$A$798,0),N55,R55,T55)>0,MAX(IF((Main!$D$6:$D$798="ДСМУ")*(Main!$B$6:$B$798='Стан БГ'!C55)*(Main!$C$6:$C$798='Стан БГ'!H54),Main!$A$6:$A$798,0),N55,R55,T55),"")} | M55: =IF($D54=1,M$8,IF($D54=2,M$9,M$10)) -> 77 | N55: {=IF(MAX(IF((Main!$D$6:$D$798="ДВМП")*(Main!$B$6:$B$798='Стан БГ'!C55)*(Main!$C$6:$C$798='Стан БГ'!H54),Main!$A$6:$A$798,0),T55)>0,MAX(IF((Main!$D$6:$D$798="ДВМП")*(Main!$B$6:$B$798='Стан БГ'!C55)*(Main!$C$6:$C$798='Стан БГ'!H54),Main!$A$6:$A$798,0),T55),"")} | O55: =IF($D54=1,O$8,IF($D54=2,O$9,O$10)) -> 92 | P55: {=IF(MAX(IF((Main!$D$6:$D$798="НПМУ")*(Main!$B$6:$B$798='Стан БГ'!C55)*(Main!$C$6:$C$798='Стан БГ'!H54),Main!$A$6:$A$798,0),R55,T55)>0,MAX(IF((Main!$D$6:$D$798="НПМУ")*(Main!$B$6:$B$798='Стан БГ'!C55)*(Main!$C$6:$C$798='Стан БГ'!H54),Main!$A$6:$A$798,0),R55,T55),"")} | Q55: =IF($D54=1,Q$8,IF($D54=2,Q$9,Q$10)) -> 77 | R55: {=IF(MAX(IF((Main!$D$6:$D$798="НСМУ")*(Main!$B$6:$B$798='Стан БГ'!C55)*(Main!$C$6:$C$798='Стан БГ'!H54),Main!$A$6:$A$798,0),T55)>0,MAX(IF((Main!$D$6:$D$798="НСМУ")*(Main!$B$6:$B$798='Стан БГ'!C55)*(Main!$C$6:$C$798='Стан БГ'!H54),Main!$A$6:$A$798,0),T55),"")} | S55: =IF($D54=1,S$8,IF($D54=2,S$9,S$10)) -> 61 | T55: {=IF(MAX(IF((Main!$D$6:$D$798="НВМП")*(Main!$B$6:$B$798='Стан БГ'!C55)*(Main!$C$6:$C$798='Стан БГ'!H54),Main!$A$6:$A$798,0))>0,MAX(IF((Main!$D$6:$D$798="НВМП")*(Main!$B$6:$B$798='Стан БГ'!C55)*(Main!$C$6:$C$798='Стан БГ'!H54),Main!$A$6:$A$798,0)),"")} | U55: =IF($D54=1,U$8,IF($D54=2,U$9,IF($D54=3,U$10))) -> 365 | W55: =IF($D54=1,W$8,IF($D54=2,W$9,IF($D54=3,W$10))) -> 365 | X55: 45817 | Y55: =IF($D54=1,Y$8,IF($D54=2,Y$9,IF($D54=3,Y$10))) -> 365 | Z55: 45817 | AA55: =IF($D54=1,AA$8,IF($D54=2,AA$9,IF($D54=3,AA$10))) -> 365 | AB55: 45817 | AC55: =IF($D54=1,AC$8,IF($D54=2,AC$9,IF($D54=3,AC$10))) -> 365 | AD55: 45817 | AE55: =IF($D54=1,AE$8,IF($D54=2,AE$9,IF($D54=3,AE$10))) -> 365 | AF55: 45817 | AG55: =IF($D54=1,AG$8,IF($D54=2,AG$9,IF($D54=3,AG$10))) -> 365 | AH55: 45818 | AI55: =IF($D54=1,AI$8,IF($D54=2,AI$9,IF($D54=3,AI$10))) -> 365 | AJ55: 45817 | AK55: =IF($D54=1,AK$8,IF($D54=2,AK$9,IF($D54=3,AK$10))) -> 365 | AM55: =IF($D54=1,AM$8,IF($D54=2,AM$9,IF($D54=3,AM$10))) -> 365 | AN55: 45947 | AO55: =IF($D54=1,AO$8,IF($D54=2,AO$9,IF($D54=3,AO$10))) -> 184 | AP55: 45798 | AQ55: =IF($D54=1,AQ$8,IF($D54=2,AQ$9,IF($D54=3,AQ$10))) -> 365 | AR55: 45916 | AS55: =IF($D54=1,AS$8,IF($D54=2,AS$9,IF($D54=3,AS$10))) -> 365 | AT55: 45604 | AU55: =IF($D54=1,AU$8,IF($D54=2,AU$9,IF($D54=3,AU$10))) -> 1095 | AV55: 45798 | AW55: =IF($D54=1,AW$8,IF($D54=2,AW$9,IF($D54=3,AW$10))) -> 365 | AX55: {=IF(MAX(IF((ISNUMBER(SEARCH("Складний пілотаж",Main!$M$6:$M$798)))*(Main!$B$6:$B$798='Стан БГ'!C55),Main!$A$6:$A$798,0))>0,MAX(IF((ISNUMBER(SEARCH("Складний пілотаж",Main!$M$6:$M$798)))*(Main!$B$6:$B$798='Стан БГ'!C55),Main!$A$6:$A$798,0)),"")} | AY55: =IF($D54=1,AY$8,IF($D54=2,AY$9,IF($D54=3,AY$10))) -> 365 | AZ55: {=IF(MAX(IF((ISNUMBER(SEARCH("Мала висота",Main!$M$6:$M$798)))*(Main!$B$6:$B$798='Стан БГ'!C55),Main!$A$6:$A$798,0))>0,MAX(IF((ISNUMBER(SEARCH("Мала висота",Main!$M$6:$M$798)))*(Main!$B$6:$B$798='Стан БГ'!C55),Main!$A$6:$A$798,0)),"")} | BA55: =IF($D54=1,BA$8,IF($D54=2,BA$9,IF($D54=3,BA$10))) -> 122 | BB55: {=IF(MAX(IF((ISNUMBER(SEARCH("Гр. мала висота (ОНБ)",Main!$M$6:$M$798)))*(Main!$B$6:$B$798='Стан БГ'!C55),Main!$A$6:$A$798,0))>0,MAX(IF((ISNUMBER(SEARCH("Гр. мала висота (ОНБ)",Main!$M$6:$M$798)))*(Main!$B$6:$B$798='Стан БГ'!C55),Main!$A$6:$A$798,0)),"")} | BC55: =IF($D54=1,BC$8,IF($D54=2,BC$9,IF($D54=3,BC$10))) -> 184 | BD55: {=IF(MAX(IF((ISNUMBER(SEARCH("Бойове застосування",Main!$M$6:$M$798)))*(Main!$B$6:$B$798='Стан БГ'!C55),Main!$A$6:$A$798,0))>0,MAX(IF((ISNUMBER(SEARCH("Бойове застосування",Main!$M$6:$M$798)))*(Main!$B$6:$B$798='Стан БГ'!C55),Main!$A$6:$A$798,0)),"")} | BE55: =IF($D54=1,BE$8,IF($D54=2,BE$9,IF($D54=3,BE$10))) -> 184 | BF55: {=IF(MAX(IF((ISNUMBER(SEARCH("Групова злітаність",Main!$M$6:$M$798)))*(Main!$B$6:$B$798='Стан БГ'!C55),Main!$A$6:$A$798,0))>0,MAX(IF((ISNUMBER(SEARCH("Групова злітаність",Main!$M$6:$M$798)))*(Main!$B$6:$B$798='Стан БГ'!C55),Main!$A$6:$A$798,0)),"")} | BG55: =IF($D54=1,BG$8,IF($D54=2,BG$9,IF($D54=3,BG$10))) -> 365 | BH55: {=IF(MAX(IF((ISNUMBER(SEARCH("На десантування",Main!$M$6:$M$798)))*(Main!$B$6:$B$798='Стан БГ'!C55),Main!$A$6:$A$798,0))>0,MAX(IF((ISNUMBER(SEARCH("На десантування",Main!$M$6:$M$798)))*(Main!$B$6:$B$798='Стан БГ'!C55),Main!$A$6:$A$798,0)),"")} | BI55: =IF($D54=1,BI$8,IF($D54=2,BI$9,IF($D54=3,BI$10))) -> 184
I56: =IF(AND(J54=1,OR($G54="вп",$G54="вд",$G54="шп",$G54="оа")),1,0) -> 0 | J56: =IF(J55="",0,IF($C$2<(I55+J55)-15,2,IF($C$2<(I55+J55),1,"0"))) -> 0 | L56: =IF(L55="",0,IF($C$2<(K55+L55)-15,2,IF($C$2<(K55+L55),1,"0"))) -> 0 | N56: =IF(N55="",0,IF($C$2<(M55+N55)-15,2,IF($C$2<(M55+N55),1,"0"))) -> 0 | P56: =IF(P55="",0,IF($C$2<(O55+P55)-15,2,IF($C$2<(O55+P55),1,"0"))) -> 0 | R56: =IF(R55="",0,IF($C$2<(Q55+R55)-15,2,IF($C$2<(Q55+R55),1,"0"))) -> 0 | T56: =IF(T55="",0,IF($C$2<(S55+T55)-15,2,IF($C$2<(S55+T55),1,"0"))) -> 0 | AP56: =IF(AP55 = "",0,IF($C$2<(AO55+AP55)-15,2,IF($C$2<(AO55+AP55),1,"0"))) -> 0 | AR56: =IF(AR55 = "",0,IF($C$2<(AQ55+AR55)-15,2,IF($C$2<(AQ55+AR55),1,"0"))) -> 2
I57: 1 | J57: =IF(OR(J59=1,J59=2),1,0) -> 0 | K57: 1 | L57: =IF(OR(L59=1,L59=2),1,0) -> 0 | M57: 1 | N57: =IF(OR(N59=1,N59=2),1,0) -> 0 | O57: 1 | P57: =IF(OR(P59=1,P59=2),1,0) -> 0 | Q57: 1 | R57: =IF(OR(R59=1,R59=2),1,0) -> 0 | S57: 1 | T57: =IF(OR(T59=1,T59=2),1,0) -> 0
I58: =I55 -> 107 | J58: {=IF(MAX(IF((Main!$D$6:$D$798="ДПМУ")*(Main!$B$6:$B$798='Стан БГ'!C55)*(Main!$C$6:$C$798='Стан БГ'!H57),Main!$A$6:$A$798,0),L58,N58,P58,R58,T58)>0,MAX(IF((Main!$D$6:$D$798="ДПМУ")*(Main!$B$6:$B$798='Стан БГ'!C55)*(Main!$C$6:$C$798='Стан БГ'!H57),Main!$A$6:$A$798,0),L58,N58,P58,R58,T58),"")} | K58: =K55 -> 92 | L58: {=IF(MAX(IF((Main!$D$6:$D$798="ДСМУ")*(Main!$B$6:$B$798='Стан БГ'!C55)*(Main!$C$6:$C$798='Стан БГ'!H57),Main!$A$6:$A$798,0),N58,R58,T58)>0,MAX(IF((Main!$D$6:$D$798="ДСМУ")*(Main!$B$6:$B$798='Стан БГ'!C55)*(Main!$C$6:$C$798='Стан БГ'!H57),Main!$A$6:$A$798,0),N58,R58,T58),"")} | M58: =M55 -> 77 | N58: {=IF(MAX(IF((Main!$D$6:$D$798="ДВМП")*(Main!$B$6:$B$798='Стан БГ'!C55)*(Main!$C$6:$C$798='Стан БГ'!H57),Main!$A$6:$A$798,0),T58)>0,MAX(IF((Main!$D$6:$D$798="ДВМП")*(Main!$B$6:$B$798='Стан БГ'!C55)*(Main!$C$6:$C$798='Стан БГ'!H57),Main!$A$6:$A$798,0),T58),"")} | O58: =O55 -> 92 | P58: {=IF(MAX(IF((Main!$D$6:$D$798="НПМУ")*(Main!$B$6:$B$798='Стан БГ'!C55)*(Main!$C$6:$C$798='Стан БГ'!H57),Main!$A$6:$A$798,0),R58,T58)>0,MAX(IF((Main!$D$6:$D$798="НПМУ")*(Main!$B$6:$B$798='Стан БГ'!C55)*(Main!$C$6:$C$798='Стан БГ'!H57),Main!$A$6:$A$798,0),R58,T58),"")} | Q58: =Q55 -> 77 | R58: {=IF(MAX(IF((Main!$D$6:$D$798="НСМУ")*(Main!$B$6:$B$798='Стан БГ'!C55)*(Main!$C$6:$C$798='Стан БГ'!H57),Main!$A$6:$A$798,0),T58)>0,MAX(IF((Main!$D$6:$D$798="НСМУ")*(Main!$B$6:$B$798='Стан БГ'!C55)*(Main!$C$6:$C$798='Стан БГ'!H57),Main!$A$6:$A$798,0),T58),"")} | S58: =S55 -> 61 | T58: {=IF(MAX(IF((Main!$D$6:$D$798="НВМП")*(Main!$B$6:$B$798='Стан БГ'!C55)*(Main!$C$6:$C$798='Стан БГ'!H57),Main!$A$6:$A$798,0))>0,MAX(IF((Main!$D$6:$D$798="НВМП")*(Main!$B$6:$B$798='Стан БГ'!C55)*(Main!$C$6:$C$798='Стан БГ'!H57),Main!$A$6:$A$798,0)),"")} | U58: =U55 -> 365 | W58: =IF($D54=1,W$8,IF($D54=2,W$9,IF($D54=3,W$10))) -> 365 | Y58: =IF($D54=1,Y$8,IF($D54=2,Y$9,IF($D54=3,Y$10))) -> 365 | AA58: =IF($D54=1,AA$8,IF($D54=2,AA$9,IF($D54=3,AA$10))) -> 365 | AC58: =IF($D54=1,AC$8,IF($D54=2,AC$9,IF($D54=3,AC$10))) -> 365 | AE58: =AE55 -> 365 | AG58: =AG55 -> 365 | AI58: =AI55 -> 365 | AK58: =AK55 -> 365 | AM58: =AM55 -> 365 | AO58: =IF($D57=1,AO$8,IF($D57=2,AO$9,IF($D57=3,AO$10))) -> FALSE | AQ58: =IF($D57=1,AQ$8,IF($D57=2,AQ$9,IF($D57=3,AQ$10))) -> FALSE | AS58: =IF($D57=1,AS$8,IF($D57=2,AS$9,IF($D57=3,AS$10))) -> FALSE | AU58: =IF($D57=1,AU$8,IF($D57=2,AU$9,IF($D57=3,AU$10))) -> FALSE | AW58: =IF($D54=1,AW$8,IF($D54=2,AW$9,IF($D54=3,AW$10))) -> 365 | AY58: =IF($D54=1,AY$8,IF($D54=2,AY$9,IF($D54=3,AY$10))) -> 365 | BA58: =IF($D54=1,BA$8,IF($D54=2,BA$9,IF($D54=3,BA$10))) -> 122 | BC58: =IF($D54=1,BC$8,IF($D54=2,BC$9,IF($D54=3,BC$10))) -> 184 | BE58: =BE55 -> 184 | BG58: =BG55 -> 365 | BI58: =BI55 -> 184
I59: =IF(AND(J54=1,OR($G54="вп",$G54="вд",$G54="шп",$G54="оа")),1,0) -> 0 | J59: =IF(J58="",0,IF($C$2<(I58+J58)-15,2,IF($C$2<(I58+J58),1,"0"))) -> 0 | L59: =IF(L58="",0,IF($C$2<(K58+L58)-15,2,IF($C$2<(K58+L58),1,"0"))) -> 0 | N59: =IF(N58="",0,IF($C$2<(M58+N58)-15,2,IF($C$2<(M58+N58),1,"0"))) -> 0 | P59: =IF(P58="",0,IF($C$2<(O58+P58)-15,2,IF($C$2<(O58+P58),1,"0"))) -> 0 | R59: =IF(R58="",0,IF($C$2<(Q58+R58)-15,2,IF($C$2<(Q58+R58),1,"0"))) -> 0 | T59: =IF(T58="",0,IF($C$2<(S58+T58)-15,2,IF($C$2<(S58+T58),1,"0"))) -> 0 | V59: =IF(V55 = "",0,IF($C$2<(U55+V55)-15,2,IF($C$2<(U55+V55),1,"0"))) -> 0 | X59: =IF(X55 = "",0,IF($C$2<(W55+X55)-15,2,IF($C$2<(W55+X55),1,"0"))) -> 2 | Z59: =IF(Z55 = "",0,IF($C$2<(Y55+Z55)-15,2,IF($C$2<(Y55+Z55),1,"0"))) -> 2 | AB59: =IF(AB55 = "",0,IF($C$2<(AA55+AB55)-15,2,IF($C$2<(AA55+AB55),1,"0"))) -> 2 | AD59: =IF(AD55 = "",0,IF($C$2<(AC55+AD55)-15,2,IF($C$2<(AC55+AD55),1,"0"))) -> 2 | AF59: =IF(AF55 = "",0,IF($C$2<(AE55+AF55)-15,2,IF($C$2<(AE55+AF55),1,"0"))) -> 2 | AH59: =IF(AH55 = "",0,IF($C$2<(AG55+AH55)-15,2,IF($C$2<(AG55+AH55),1,"0"))) -> 2 | AJ59: =IF(AJ55 = "",0,IF($C$2<(AI55+AJ55)-15,2,IF($C$2<(AI55+AJ55),1,"0"))) -> 2 | AL59: =IF(AL55 = "",0,IF($C$2<(AK55+AL55)-15,2,IF($C$2<(AK55+AL55),1,"0"))) -> 0 | AN59: =IF(AN55 = "",0,IF($C$2<(AM55+AN55)-15,2,IF($C$2<(AM55+AN55),1,"0"))) -> 2 | AP59: =IF(AP58 = "",0,IF($C$2<(AO55+AP58)-15,2,IF($C$2<(AO55+AP58),1,"0"))) -> 0 | AR59: =IF(AR58 = "",0,IF($C$2<(AQ55+AR58)-15,2,IF($C$2<(AQ55+AR58),1,"0"))) -> 0 | AT59: =IF(AT55 = "",0,IF($C$2<(AS55+AT55)-15,2,IF($C$2<(AS55+AT55),1,"0"))) -> 0 | AV59: =IF(AV55 = "",0,IF($C$2<(AU55+AV55)-15,2,IF($C$2<(AU55+AV55),1,"0"))) -> 2 | AX59: =IF(AX55 = "",0,IF($C$2<(AW55+AX55)-15,2,IF($C$2<(AW55+AX55),1,"0"))) -> 0 | AZ59: =IF(AZ55 = "",0,IF($C$2<(AY55+AZ55)-15,2,IF($C$2<(AY55+AZ55),1,"0"))) -> 0 | BB59: =IF(BB55 = "",0,IF($C$2<(BA55+BB55)-15,2,IF($C$2<(BA55+BB55),1,"0"))) -> 0 | BD59: =IF(BD55 = "",0,IF($C$2<(BC55+BD55)-15,2,IF($C$2<(BC55+BD55),1,"0"))) -> 0 | BF59: =IF(BF55 = "",0,IF($C$2<(BE55+BF55)-15,2,IF($C$2<(BE55+BF55),1,"0"))) -> 0 | BH59: =IF(BH55 = "",0,IF($C$2<(BG55+BH55)-15,2,IF($C$2<(BG55+BH55),1,"0"))) -> 0 | BJ59: =IF(BJ55 = "",0,IF($C$2<(BI55+BJ55)-15,2,IF($C$2<(BI55+BJ55),1,"0"))) -> 0
A60: 5 | B60: Ком. ЗАЗ | D60: 2 | E60: 1 | F60: =IF(E60=1,1.5,1) -> 1.5 | H60: Л-39 | I60: 1 | J60: =IF(OR(J62=1,J62=2),1,0) -> 0 | K60: 1 | L60: =IF(OR(L62=1,L62=2),1,0) -> 0 | M60: 1 | N60: =IF(OR(N62=1,N62=2),1,0) -> 0 | O60: 1 | P60: =IF(OR(P62=1,P62=2),1,0) -> 0 | Q60: 1 | R60: =IF(OR(R62=1,R62=2),1,0) -> 0 | S60: 1 | T60: =IF(OR(T62=1,T62=2),1,0) -> 0
C61: п/п-к Томилко М.М. | I61: =IF($D60=1,I$8,IF($D60=2,I$9,I$10)) -> 92 | J61: {=IF(MAX(IF((Main!$D$6:$D$798="ДПМУ")*(Main!$B$6:$B$798='Стан БГ'!C61)*(Main!$C$6:$C$798='Стан БГ'!H60),Main!$A$6:$A$798,0),L61,N61,P61,R61,T61)>0,MAX(IF((Main!$D$6:$D$798="ДПМУ")*(Main!$B$6:$B$798='Стан БГ'!C61)*(Main!$C$6:$C$798='Стан БГ'!H60),Main!$A$6:$A$798,0),L61,N61,P61,R61,T61),"")} -> 45877 | K61: =IF($D60=1,K$8,IF($D60=2,K$9,K$10)) -> 77 | L61: {=IF(MAX(IF((Main!$D$6:$D$798="ДСМУ")*(Main!$B$6:$B$798='Стан БГ'!C61)*(Main!$C$6:$C$798='Стан БГ'!H60),Main!$A$6:$A$798,0),N61,R61,T61)>0,MAX(IF((Main!$D$6:$D$798="ДСМУ")*(Main!$B$6:$B$798='Стан БГ'!C61)*(Main!$C$6:$C$798='Стан БГ'!H60),Main!$A$6:$A$798,0),N61,R61,T61),"")} -> 45875 | M61: =IF($D60=1,M$8,IF($D60=2,M$9,M$10)) -> 61 | N61: {=IF(MAX(IF((Main!$D$6:$D$798="ДВМП")*(Main!$B$6:$B$798='Стан БГ'!C61)*(Main!$C$6:$C$798='Стан БГ'!H60),Main!$A$6:$A$798,0),T61)>0,MAX(IF((Main!$D$6:$D$798="ДВМП")*(Main!$B$6:$B$798='Стан БГ'!C61)*(Main!$C$6:$C$798='Стан БГ'!H60),Main!$A$6:$A$798,0),T61),"")} | O61: =IF($D60=1,O$8,IF($D60=2,O$9,O$10)) -> 77 | P61: {=IF(MAX(IF((Main!$D$6:$D$798="НПМУ")*(Main!$B$6:$B$798='Стан БГ'!C61)*(Main!$C$6:$C$798='Стан БГ'!H60),Main!$A$6:$A$798,0),R61,T61)>0,MAX(IF((Main!$D$6:$D$798="НПМУ")*(Main!$B$6:$B$798='Стан БГ'!C61)*(Main!$C$6:$C$798='Стан БГ'!H60),Main!$A$6:$A$798,0),R61,T61),"")} | Q61: =IF($D60=1,Q$8,IF($D60=2,Q$9,Q$10)) -> 61 | R61: {=IF(MAX(IF((Main!$D$6:$D$798="НСМУ")*(Main!$B$6:$B$798='Стан БГ'!C61)*(Main!$C$6:$C$798='Стан БГ'!H60),Main!$A$6:$A$798,0),T61)>0,MAX(IF((Main!$D$6:$D$798="НСМУ")*(Main!$B$6:$B$798='Стан БГ'!C61)*(Main!$C$6:$C$798='Стан БГ'!H60),Main!$A$6:$A$798,0),T61),"")} | S61: =IF($D60=1,S$8,IF($D60=2,S$9,S$10)) -> 46 | T61: {=IF(MAX(IF((Main!$D$6:$D$798="НВМП")*(Main!$B$6:$B$798='Стан БГ'!C61)*(Main!$C$6:$C$798='Стан БГ'!H60),Main!$A$6:$A$798,0))>0,MAX(IF((Main!$D$6:$D$798="НВМП")*(Main!$B$6:$B$798='Стан БГ'!C61)*(Main!$C$6:$C$798='Стан БГ'!H60),Main!$A$6:$A$798,0)),"")} | U61: =IF($D60=1,U$8,IF($D60=2,U$9,IF($D60=3,U$10))) -> 365 | V61: 45675 | W61: =IF($D60=1,W$8,IF($D60=2,W$9,IF($D60=3,W$10))) -> 365 | X61: 45675 | Y61: =IF($D60=1,Y$8,IF($D60=2,Y$9,IF($D60=3,Y$10))) -> 365 | Z61: 45675 | AA61: =IF($D60=1,AA$8,IF($D60=2,AA$9,IF($D60=3,AA$10))) -> 365 | AB61: 45675 | AC61: =IF($D60=1,AC$8,IF($D60=2,AC$9,IF($D60=3,AC$10))) -> 365 | AD61: 45675 | AE61: =IF($D60=1,AE$8,IF($D60=2,AE$9,IF($D60=3,AE$10))) -> 365 | AF61: 45675 | AG61: =IF($D60=1,AG$8,IF($D60=2,AG$9,IF($D60=3,AG$10))) -> 365 | AH61: 45819 | AI61: =IF($D60=1,AI$8,IF($D60=2,AI$9,IF($D60=3,AI$10))) -> 365 | AJ61: 45875 | AK61: =IF($D60=1,AK$8,IF($D60=2,AK$9,IF($D60=3,AK$10))) -> 365 | AM61: =IF($D60=1,AM$8,IF($D60=2,AM$9,IF($D60=3,AM$10))) -> 365 | AN61: 45653 | AO61: =IF($D60=1,AO$8,IF($D60=2,AO$9,IF($D60=3,AO$10))) -> 184 | AP61: 45918 | AQ61: =IF($D60=1,AQ$8,IF($D60=2,AQ$9,IF($D60=3,AQ$10))) -> 365 | AR61: 45918 | AS61: =IF($D60=1,AS$8,IF($D60=2,AS$9,IF($D60=3,AS$10))) -> 365 | AT61: 45905 | AU61: =IF($D60=1,AU$8,IF($D60=2,AU$9,IF($D60=3,AU$10))) -> 1095 | AV61: 45752 | AW61: =IF($D60=1,AW$8,IF($D60=2,AW$9,IF($D60=3,AW$10))) -> 365 | AX61: {=IF(MAX(IF((ISNUMBER(SEARCH("Складний пілотаж",Main!$M$6:$M$798)))*(Main!$B$6:$B$798='Стан БГ'!C61),Main!$A$6:$A$798,0))>0,MAX(IF((ISNUMBER(SEARCH("Складний пілотаж",Main!$M$6:$M$798)))*(Main!$B$6:$B$798='Стан БГ'!C61),Main!$A$6:$A$798,0)),"19.07.2025")} -> 45920 | AY61: =IF($D60=1,AY$8,IF($D60=2,AY$9,IF($D60=3,AY$10))) -> 365 | AZ61: {=IF(MAX(IF((ISNUMBER(SEARCH("Мала висота",Main!$M$6:$M$798)))*(Main!$B$6:$B$798='Стан БГ'!C61),Main!$A$6:$A$798,0))>0,MAX(IF((ISNUMBER(SEARCH("Мала висота",Main!$M$6:$M$798)))*(Main!$B$6:$B$798='Стан БГ'!C61),Main!$A$6:$A$798,0)),"09.06.2025")} -> 45920 | BA61: =IF($D60=1,BA$8,IF($D60=2,BA$9,IF($D60=3,BA$10))) -> 122 | BB61: {=IF(MAX(IF((ISNUMBER(SEARCH("Гр. мала висота (ОНБ)",Main!$M$6:$M$798)))*(Main!$B$6:$B$798='Стан БГ'!C61),Main!$A$6:$A$798,0))>0,MAX(IF((ISNUMBER(SEARCH("Гр. мала висота (ОНБ)",Main!$M$6:$M$798)))*(Main!$B$6:$B$798='Стан БГ'!C61),Main!$A$6:$A$798,0)),"18.01.2025")} -> 45920 | BC61: =IF($D60=1,BC$8,IF($D60=2,BC$9,IF($D60=3,BC$10))) -> 184 | BD61: {=IF(MAX(IF((ISNUMBER(SEARCH("Бойове застосування",Main!$M$6:$M$798)))*(Main!$B$6:$B$798='Стан БГ'!C61),Main!$A$6:$A$798,0))>0,MAX(IF((ISNUMBER(SEARCH("Бойове застосування",Main!$M$6:$M$798)))*(Main!$B$6:$B$798='Стан БГ'!C61),Main!$A$6:$A$798,0)),"11.06.2025")} -> 11.06.2025 | BE61: =IF($D60=1,BE$8,IF($D60=2,BE$9,IF($D60=3,BE$10))) -> 184 | BF61: {=IF(MAX(IF((ISNUMBER(SEARCH("Групова злітаність",Main!$M$6:$M$798)))*(Main!$B$6:$B$798='Стан БГ'!C61),Main!$A$6:$A$798,0))>0,MAX(IF((ISNUMBER(SEARCH("Групова злітаність",Main!$M$6:$M$798)))*(Main!$B$6:$B$798='Стан БГ'!C61),Main!$A$6:$A$798,0)),"18.01.2025")} -> 45920 | BG61: =IF($D60=1,BG$8,IF($D60=2,BG$9,IF($D60=3,BG$10))) -> 365 | BH61: {=IF(MAX(IF((ISNUMBER(SEARCH("На десантування",Main!$M$6:$M$798)))*(Main!$B$6:$B$798='Стан БГ'!C61),Main!$A$6:$A$798,0))>0,MAX(IF((ISNUMBER(SEARCH("На десантування",Main!$M$6:$M$798)))*(Main!$B$6:$B$798='Стан БГ'!C61),Main!$A$6:$A$798,0)),"")} | BI61: =IF($D60=1,BI$8,IF($D60=2,BI$9,IF($D60=3,BI$10))) -> 184
I62: =IF(AND(J60=1,OR($G60="вп",$G60="вд",$G60="шп",$G60="оа")),1,0) -> 0 | J62: =IF(J61="",0,IF($C$2<(I61+J61)-15,2,IF($C$2<(I61+J61),1,"0"))) -> 0 | L62: =IF(L61="",0,IF($C$2<(K61+L61)-15,2,IF($C$2<(K61+L61),1,"0"))) -> 0 | N62: =IF(N61="",0,IF($C$2<(M61+N61)-15,2,IF($C$2<(M61+N61),1,"0"))) -> 0 | P62: =IF(P61="",0,IF($C$2<(O61+P61)-15,2,IF($C$2<(O61+P61),1,"0"))) -> 0 | R62: =IF(R61="",0,IF($C$2<(Q61+R61)-15,2,IF($C$2<(Q61+R61),1,"0"))) -> 0 | T62: =IF(T61="",0,IF($C$2<(S61+T61)-15,2,IF($C$2<(S61+T61),1,"0"))) -> 0 | AP62: =IF(AP61 = "",0,IF($C$2<(AO61+AP61)-15,2,IF($C$2<(AO61+AP61),1,"0"))) -> 2 | AR62: =IF(AR61 = "",0,IF($C$2<(AQ61+AR61)-15,2,IF($C$2<(AQ61+AR61),1,"0"))) -> 2
H63: Су-27 | I63: 1 | J63: =IF(OR(J65=1,J65=2),1,0) -> 0 | K63: 1 | L63: =IF(OR(L65=1,L65=2),1,0) -> 0 | M63: 1 | N63: =IF(OR(N65=1,N65=2),1,0) -> 0 | O63: 1 | P63: =IF(OR(P65=1,P65=2),1,0) -> 0 | Q63: 1 | R63: =IF(OR(R65=1,R65=2),1,0) -> 0 | S63: 1 | T63: =IF(OR(T65=1,T65=2),1,0) -> 0
I64: =I61 -> 92 | J64: {=IF(MAX(IF((Main!$D$6:$D$798="ДПМУ")*(Main!$B$6:$B$798='Стан БГ'!C61)*(Main!$C$6:$C$798='Стан БГ'!H63),Main!$A$6:$A$798,0),L64,N64,P64,R64,T64)>0,MAX(IF((Main!$D$6:$D$798="ДПМУ")*(Main!$B$6:$B$798='Стан БГ'!C61)*(Main!$C$6:$C$798='Стан БГ'!H63),Main!$A$6:$A$798,0),L64,N64,P64,R64,T64),"")} -> 45920 | K64: =K61 -> 77 | L64: {=IF(MAX(IF((Main!$D$6:$D$798="ДСМУ")*(Main!$B$6:$B$798='Стан БГ'!C61)*(Main!$C$6:$C$798='Стан БГ'!H63),Main!$A$6:$A$798,0),N64,R64,T64)>0,MAX(IF((Main!$D$6:$D$798="ДСМУ")*(Main!$B$6:$B$798='Стан БГ'!C61)*(Main!$C$6:$C$798='Стан БГ'!H63),Main!$A$6:$A$798,0),N64,R64,T64),"")} -> 45920 | M64: =M61 -> 61 | N64: {=IF(MAX(IF((Main!$D$6:$D$798="ДВМП")*(Main!$B$6:$B$798='Стан БГ'!C61)*(Main!$C$6:$C$798='Стан БГ'!H63),Main!$A$6:$A$798,0),T64)>0,MAX(IF((Main!$D$6:$D$798="ДВМП")*(Main!$B$6:$B$798='Стан БГ'!C61)*(Main!$C$6:$C$798='Стан БГ'!H63),Main!$A$6:$A$798,0),T64),"")} -> 45857 | O64: =O61 -> 77 | P64: {=MAX(IF((Main!$D$6:$D$798="НПМУ")*(Main!$B$6:$B$798='Стан БГ'!C61)*(Main!$C$6:$C$798='Стан БГ'!H63),Main!$A$6:$A$798,0),R64,T64,Date(2025,3,7))} -> 45723 | Q64: =Q61 -> 61 | R64: {=MAX(IF((Main!$D$6:$D$798="НСМУ")*(Main!$B$6:$B$798='Стан БГ'!C61)*(Main!$C$6:$C$798='Стан БГ'!H63),Main!$A$6:$A$798,0),T64,Date(2025,3,7))} -> 45723 | S64: =S61 -> 46 | T64: {=IF(MAX(IF((Main!$D$6:$D$798="НВМП")*(Main!$B$6:$B$798='Стан БГ'!C61)*(Main!$C$6:$C$798='Стан БГ'!H63),Main!$A$6:$A$798,0))>0,MAX(IF((Main!$D$6:$D$798="НВМП")*(Main!$B$6:$B$798='Стан БГ'!C61)*(Main!$C$6:$C$798='Стан БГ'!H63),Main!$A$6:$A$798,0)),"")} | U64: =U61 -> 365 | W64: =IF($D60=1,W$8,IF($D60=2,W$9,IF($D60=3,W$10))) -> 365 | Y64: =IF($D60=1,Y$8,IF($D60=2,Y$9,IF($D60=3,Y$10))) -> 365 | AA64: =IF($D60=1,AA$8,IF($D60=2,AA$9,IF($D60=3,AA$10))) -> 365 | AC64: =IF($D60=1,AC$8,IF($D60=2,AC$9,IF($D60=3,AC$10))) -> 365 | AE64: =AE61 -> 365 | AG64: =AG61 -> 365 | AI64: =AI61 -> 365 | AK64: =AK61 -> 365 | AM64: =AM61 -> 365 | AO64: =IF($D63=1,AO$8,IF($D63=2,AO$9,IF($D63=3,AO$10))) -> FALSE | AP64: 45918 | AQ64: =IF($D63=1,AQ$8,IF($D63=2,AQ$9,IF($D63=3,AQ$10))) -> FALSE | AR64: 45742 | AS64: =IF($D63=1,AS$8,IF($D63=2,AS$9,IF($D63=3,AS$10))) -> FALSE | AU64: =IF($D63=1,AU$8,IF($D63=2,AU$9,IF($D63=3,AU$10))) -> FALSE | AW64: =IF($D60=1,AW$8,IF($D60=2,AW$9,IF($D60=3,AW$10))) -> 365 | AY64: =IF($D60=1,AY$8,IF($D60=2,AY$9,IF($D60=3,AY$10))) -> 365 | BA64: =IF($D60=1,BA$8,IF($D60=2,BA$9,IF($D60=3,BA$10))) -> 122 | BC64: =IF($D60=1,BC$8,IF($D60=2,BC$9,IF($D60=3,BC$10))) -> 184 | BE64: =BE61 -> 184 | BG64: =BG61 -> 365 | BI64: =BI61 -> 184
I65: =IF(AND(J60=1,OR($G60="вп",$G60="вд",$G60="шп",$G60="оа")),1,0) -> 0 | J65: =IF(J64="",0,IF($C$2<(I64+J64)-15,2,IF($C$2<(I64+J64),1,"0"))) -> 0 | L65: =IF(L64="",0,IF($C$2<(K64+L64)-15,2,IF($C$2<(K64+L64),1,"0"))) -> 0 | N65: =IF(N64="",0,IF($C$2<(M64+N64)-15,2,IF($C$2<(M64+N64),1,"0"))) -> 0 | P65: =IF(P64="",0,IF($C$2<(O64+P64)-15,2,IF($C$2<(O64+P64),1,"0"))) -> 0 | R65: =IF(R64="",0,IF($C$2<(Q64+R64)-15,2,IF($C$2<(Q64+R64),1,"0"))) -> 0 | T65: =IF(T64="",0,IF($C$2<(S64+T64)-15,2,IF($C$2<(S64+T64),1,"0"))) -> 0 | V65: =IF(V61 = "",0,IF($C$2<(U61+V61)-15,2,IF($C$2<(U61+V61),1,"0"))) -> 0 | X65: =IF(X61 = "",0,IF($C$2<(W61+X61)-15,2,IF($C$2<(W61+X61),1,"0"))) -> 0 | Z65: =IF(Z61 = "",0,IF($C$2<(Y61+Z61)-15,2,IF($C$2<(Y61+Z61),1,"0"))) -> 0 | AB65: =IF(AB61 = "",0,IF($C$2<(AA61+AB61)-15,2,IF($C$2<(AA61+AB61),1,"0"))) -> 0 | AD65: =IF(AD61 = "",0,IF($C$2<(AC61+AD61)-15,2,IF($C$2<(AC61+AD61),1,"0"))) -> 0 | AF65: =IF(AF61 = "",0,IF($C$2<(AE61+AF61)-15,2,IF($C$2<(AE61+AF61),1,"0"))) -> 0 | AH65: =IF(AH61 = "",0,IF($C$2<(AG61+AH61)-15,2,IF($C$2<(AG61+AH61),1,"0"))) -> 2 | AJ65: =IF(AJ61 = "",0,IF($C$2<(AI61+AJ61)-15,2,IF($C$2<(AI61+AJ61),1,"0"))) -> 2 | AL65: =IF(AL61 = "",0,IF($C$2<(AK61+AL61)-15,2,IF($C$2<(AK61+AL61),1,"0"))) -> 0 | AN65: =IF(AN61 = "",0,IF($C$2<(AM61+AN61)-15,2,IF($C$2<(AM61+AN61),1,"0"))) -> 0 | AP65: =IF(AP64 = "",0,IF($C$2<(AO61+AP64)-15,2,IF($C$2<(AO61+AP64),1,"0"))) -> 2 | AR65: =IF(AR64 = "",0,IF($C$2<(AQ61+AR64)-15,2,IF($C$2<(AQ61+AR64),1,"0"))) -> 2 | AT65: =IF(AT61 = "",0,IF($C$2<(AS61+AT61)-15,2,IF($C$2<(AS61+AT61),1,"0"))) -> 2 | AV65: =IF(AV61 = "",0,IF($C$2<(AU61+AV61)-15,2,IF($C$2<(AU61+AV61),1,"0"))) -> 2 | AX65: =IF(AX61 = "",0,IF($C$2<(AW61+AX61)-15,2,IF($C$2<(AW61+AX61),1,"0"))) -> 2 | AZ65: =IF(AZ61 = "",0,IF($C$2<(AY61+AZ61)-15,2,IF($C$2<(AY61+AZ61),1,"0"))) -> 2 | BB65: =IF(BB61 = "",0,IF($C$2<(BA61+BB61)-15,2,IF($C$2<(BA61+BB61),1,"0"))) -> 0 | BD65: =IF(BD61 = "",0,IF($C$2<(BC61+BD61)-15,2,IF($C$2<(BC61+BD61),1,"0"))) -> 0 | BF65: =IF(BF61 = "",0,IF($C$2<(BE61+BF61)-15,2,IF($C$2<(BE61+BF61),1,"0"))) -> 2 | BH65: =IF(BH61 = "",0,IF($C$2<(BG61+BH61)-15,2,IF($C$2<(BG61+BH61),1,"0"))) -> 0 | BJ65: =IF(BJ61 = "",0,IF($C$2<(BI61+BJ61)-15,2,IF($C$2<(BI61+BJ61),1,"0"))) -> 0
A66: 4 | B66: Ком ЗАЗ | D66: 2 | E66: 1 | F66: =IF(E66=1,1.5,1) -> 1.5 | H66: Л-39 | I66: 1 | J66: =IF(OR(J68=1,J68=2),1,0) -> 1 | K66: 1 | L66: =IF(OR(L68=1,L68=2),1,0) -> 1 | M66: 1 | N66: =IF(OR(N68=1,N68=2),1,0) -> 0 | O66: 1 | P66: =IF(OR(P68=1,P68=2),1,0) -> 0 | Q66: 1 | R66: =IF(OR(R68=1,R68=2),1,0) -> 0 | S66: 1 | T66: =IF(OR(T68=1,T68=2),1,0) -> 0
C67: п/п-к Філенко М.М. | I67: =IF($D66=1,I$8,IF($D66=2,I$9,I$10)) -> 92 | J67: {=IF(MAX(IF((Main!$D$6:$D$798="ДПМУ")*(Main!$B$6:$B$798='Стан БГ'!C67)*(Main!$C$6:$C$798='Стан БГ'!H66),Main!$A$6:$A$798,0),L67,N67,P67,R67,T67,DATE(2025,4,14))>0,MAX(IF((Main!$D$6:$D$798="ДПМУ")*(Main!$B$6:$B$798='Стан БГ'!C67)*(Main!$C$6:$C$798='Стан БГ'!H66),Main!$A$6:$A$798,0),L67,N67,P67,R67,T67,DATE(2025,4,14)),"14.04.2025")} -> 46043 | K67: =IF($D66=1,K$8,IF($D66=2,K$9,K$10)) -> 77 | L67: {=IF(MAX(IF((Main!$D$6:$D$798="ДСМУ")*(Main!$B$6:$B$798='Стан БГ'!C67)*(Main!$C$6:$C$798='Стан БГ'!H66),Main!$A$6:$A$798,0),N67,R67,T67,DATE(2025,4,14))>0,MAX(IF((Main!$D$6:$D$798="ДСМУ")*(Main!$B$6:$B$798='Стан БГ'!C67)*(Main!$C$6:$C$798='Стан БГ'!H66),Main!$A$6:$A$798,0),N67,R67,T67,DATE(2025,4,14)),"")} -> 46036 | M67: =IF($D66=1,M$8,IF($D66=2,M$9,M$10)) -> 61 | N67: {=MAX(IF((Main!$D$6:$D$798="ДВМП")*(Main!$B$6:$B$798='Стан БГ'!C67)*(Main!$C$6:$C$798='Стан БГ'!H66),Main!$A$6:$A$798,0),T67,DATE(2018,5,11))} -> 43231 | O67: =IF($D66=1,O$8,IF($D66=2,O$9,O$10)) -> 77 | P67: {=MAX(IF((Main!$D$6:$D$798="НПМУ")*(Main!$B$6:$B$798='Стан БГ'!C67)*(Main!$C$6:$C$798='Стан БГ'!H66),Main!$A$6:$A$798,0),T67,R67,DATE(2018,5,11))} -> 43231 | Q67: =IF($D66=1,Q$8,IF($D66=2,Q$9,Q$10)) -> 61 | R67: {=MAX(IF((Main!$D$6:$D$798="НСМУ")*(Main!$B$6:$B$798='Стан БГ'!C67)*(Main!$C$6:$C$798='Стан БГ'!H66),Main!$A$6:$A$798,0),T67,DATE(2018,5,11))} -> 43231 | S67: =IF($D66=1,S$8,IF($D66=2,S$9,S$10)) -> 46 | T67: {=IF(MAX(IF((Main!$D$6:$D$798="НВМП")*(Main!$B$6:$B$798='Стан БГ'!C67)*(Main!$C$6:$C$798='Стан БГ'!H66),Main!$A$6:$A$798,0))>0,MAX(IF((Main!$D$6:$D$798="НВМП")*(Main!$B$6:$B$798='Стан БГ'!C67)*(Main!$C$6:$C$798='Стан БГ'!H66),Main!$A$6:$A$798,0)),"")} | U67: =IF($D66=1,U$8,IF($D66=2,U$9,IF($D66=3,U$10))) -> 365 | W67: =IF($D66=1,W$8,IF($D66=2,W$9,IF($D66=3,W$10))) -> 365 | X67: 45761 | Y67: =IF($D66=1,Y$8,IF($D66=2,Y$9,IF($D66=3,Y$10))) -> 365 | Z67: 45761 | AA67: =IF($D66=1,AA$8,IF($D66=2,AA$9,IF($D66=3,AA$10))) -> 365 | AB67: 45754 | AC67: =IF($D66=1,AC$8,IF($D66=2,AC$9,IF($D66=3,AC$10))) -> 365 | AD67: 45756 | AE67: =IF($D66=1,AE$8,IF($D66=2,AE$9,IF($D66=3,AE$10))) -> 365 | AF67: 45761 | AG67: =IF($D66=1,AG$8,IF($D66=2,AG$9,IF($D66=3,AG$10))) -> 365 | AH67: 45756 | AI67: =IF($D66=1,AI$8,IF($D66=2,AI$9,IF($D66=3,AI$10))) -> 365 | AJ67: 45754 | AK67: =IF($D66=1,AK$8,IF($D66=2,AK$9,IF($D66=3,AK$10))) -> 365 | AM67: =IF($D66=1,AM$8,IF($D66=2,AM$9,IF($D66=3,AM$10))) -> 365 | AN67: 46007 | AO67: =IF($D66=1,AO$8,IF($D66=2,AO$9,IF($D66=3,AO$10))) -> 184 | AP67: 45936 | AQ67: =IF($D66=1,AQ$8,IF($D66=2,AQ$9,IF($D66=3,AQ$10))) -> 365 | AR67: 45771 | AS67: =IF($D66=1,AS$8,IF($D66=2,AS$9,IF($D66=3,AS$10))) -> 365 | AT67: 45884 | AU67: =IF($D66=1,AU$8,IF($D66=2,AU$9,IF($D66=3,AU$10))) -> 1095 | AV67: Зв. | AW67: =IF($D66=1,AW$8,IF($D66=2,AW$9,IF($D66=3,AW$10))) -> 365 | AX67: {=IF(MAX(IF((ISNUMBER(SEARCH("Складний пілотаж",Main!$M$6:$M$798)))*(Main!$B$6:$B$798='Стан БГ'!C67),Main!$A$6:$A$798,0))>0,MAX(IF((ISNUMBER(SEARCH("Складний пілотаж",Main!$M$6:$M$798)))*(Main!$B$6:$B$798='Стан БГ'!C67),Main!$A$6:$A$798,0)),"08.07.2025")} -> 46043 | AY67: =IF($D66=1,AY$8,IF($D66=2,AY$9,IF($D66=3,AY$10))) -> 365 | AZ67: {=IF(MAX(IF((ISNUMBER(SEARCH("Мала висота",Main!$M$6:$M$798)))*(Main!$B$6:$B$798='Стан БГ'!C67),Main!$A$6:$A$798,0))>0,MAX(IF((ISNUMBER(SEARCH("Мала висота",Main!$M$6:$M$798)))*(Main!$B$6:$B$798='Стан БГ'!C67),Main!$A$6:$A$798,0)),"04.04.2025")} -> 45959 | BA67: =IF($D66=1,BA$8,IF($D66=2,BA$9,IF($D66=3,BA$10))) -> 122 | BB67: {=IF(MAX(IF((ISNUMBER(SEARCH("Гр. мала висота (ОНБ)",Main!$M$6:$M$798)))*(Main!$B$6:$B$798='Стан БГ'!C67),Main!$A$6:$A$798,0))>0,MAX(IF((ISNUMBER(SEARCH("Гр. мала висота (ОНБ)",Main!$M$6:$M$798)))*(Main!$B$6:$B$798='Стан БГ'!C67),Main!$A$6:$A$798,0)),"08.07.2025")} -> 08.07.2025 | BC67: =IF($D66=1,BC$8,IF($D66=2,BC$9,IF($D66=3,BC$10))) -> 184 | BD67: {=IF(MAX(IF((ISNUMBER(SEARCH("Бойове застосування",Main!$M$6:$M$798)))*(Main!$B$6:$B$798='Стан БГ'!C67),Main!$A$6:$A$798,0))>0,MAX(IF((ISNUMBER(SEARCH("Бойове застосування",Main!$M$6:$M$798)))*(Main!$B$6:$B$798='Стан БГ'!C67),Main!$A$6:$A$798,0)),"09.04.2025")} -> 09.04.2025 | BE67: =IF($D66=1,BE$8,IF($D66=2,BE$9,IF($D66=3,BE$10))) -> 184 | BF67: {=IF(MAX(IF((ISNUMBER(SEARCH("Групова злітаність",Main!$M$6:$M$798)))*(Main!$B$6:$B$798='Стан БГ'!C67),Main!$A$6:$A$798,0))>0,MAX(IF((ISNUMBER(SEARCH("Групова злітаність",Main!$M$6:$M$798)))*(Main!$B$6:$B$798='Стан БГ'!C67),Main!$A$6:$A$798,0)),"08.07.2025")} -> 08.07.2025 | BG67: =IF($D66=1,BG$8,IF($D66=2,BG$9,IF($D66=3,BG$10))) -> 365 | BH67: {=IF(MAX(IF((ISNUMBER(SEARCH("На десантування",Main!$M$6:$M$798)))*(Main!$B$6:$B$798='Стан БГ'!C67),Main!$A$6:$A$798,0))>0,MAX(IF((ISNUMBER(SEARCH("На десантування",Main!$M$6:$M$798)))*(Main!$B$6:$B$798='Стан БГ'!C67),Main!$A$6:$A$798,0)),"")} | BI67: =IF($D66=1,BI$8,IF($D66=2,BI$9,IF($D66=3,BI$10))) -> 184
I68: =IF(AND(J66=1,OR($G66="вп",$G66="вд",$G66="шп",$G66="оа")),1,0) -> 0 | J68: =IF(J67="",0,IF($C$2<(I67+J67)-15,2,IF($C$2<(I67+J67),1,"0"))) -> 2 | L68: =IF(L67="",0,IF($C$2<(K67+L67)-15,2,IF($C$2<(K67+L67),1,"0"))) -> 2 | N68: =IF(N67="",0,IF($C$2<(M67+N67)-15,2,IF($C$2<(M67+N67),1,"0"))) -> 0 | P68: =IF(P67="",0,IF($C$2<(O67+P67)-15,2,IF($C$2<(O67+P67),1,"0"))) -> 0 | R68: =IF(R67="",0,IF($C$2<(Q67+R67)-15,2,IF($C$2<(Q67+R67),1,"0"))) -> 0 | T68: =IF(T67="",0,IF($C$2<(S67+T67)-15,2,IF($C$2<(S67+T67),1,"0"))) -> 0 | AP68: =IF(AP67 = "",0,IF($C$2<(AO67+AP67)-15,2,IF($C$2<(AO67+AP67),1,"0"))) -> 2 | AR68: =IF(AR67 = "",0,IF($C$2<(AQ67+AR67)-15,2,IF($C$2<(AQ67+AR67),1,"0"))) -> 2
H69: Су-27 | I69: 1 | J69: =IF(OR(J71=1,J71=2),1,0) -> 0 | K69: 1 | L69: =IF(OR(L71=1,L71=2),1,0) -> 0 | M69: 1 | N69: =IF(OR(N71=1,N71=2),1,0) -> 0 | O69: 1 | P69: =IF(OR(P71=1,P71=2),1,0) -> 0 | Q69: 1 | R69: =IF(OR(R71=1,R71=2),1,0) -> 0 | S69: 1 | T69: =IF(OR(T71=1,T71=2),1,0) -> 0
I70: =I67 -> 92 | J70: {=IF(MAX(IF((Main!$D$6:$D$798="ДПМУ")*(Main!$B$6:$B$798='Стан БГ'!C67)*(Main!$C$6:$C$798='Стан БГ'!H69),Main!$A$6:$A$798,0),L70,N70,P70,R70,T70)>0,MAX(IF((Main!$D$6:$D$798="ДПМУ")*(Main!$B$6:$B$798='Стан БГ'!C67)*(Main!$C$6:$C$798='Стан БГ'!H69),Main!$A$6:$A$798,0),L70,N70,P70,R70,T70),"")} -> 45959 | K70: =K67 -> 77 | L70: {=MAX(IF((Main!$D$6:$D$798="ДСМУ")*(Main!$B$6:$B$798='Стан БГ'!C67)*(Main!$C$6:$C$798='Стан БГ'!H69),Main!$A$6:$A$798,0),N70,R70,T70,DATE(2025,6,17))} -> 45959 | M70: =M67 -> 61 | N70: {=MAX(IF((Main!$D$6:$D$798="ДВМП")*(Main!$B$6:$B$798='Стан БГ'!C67)*(Main!$C$6:$C$798='Стан БГ'!H69),Main!$A$6:$A$798,0),T70,DATE(2024,6,27))} -> 45470 | O70: =O67 -> 77 | P70: {=MAX(IF((Main!$D$6:$D$798="НПМУ")*(Main!$B$6:$B$798='Стан БГ'!C67)*(Main!$C$6:$C$798='Стан БГ'!H69),Main!$A$6:$A$798,0),T70,R70,DATE(2024,6,27))} -> 45470 | Q70: =Q67 -> 61 | R70: {=MAX(IF((Main!$D$6:$D$798="НСМУ")*(Main!$B$6:$B$798='Стан БГ'!C67)*(Main!$C$6:$C$798='Стан БГ'!H69),Main!$A$6:$A$798,0),T70,DATE(2024,6,27))} -> 45470 | S70: =S67 -> 46 | T70: {=MAX(IF((Main!$D$6:$D$798="НВМП")*(Main!$B$6:$B$798='Стан БГ'!C67)*(Main!$C$6:$C$798='Стан БГ'!H69),Main!$A$6:$A$798,0),DATE(2024,6,27))} -> 45470 | U70: =U67 -> 365 | W70: =IF($D66=1,W$8,IF($D66=2,W$9,IF($D66=3,W$10))) -> 365 | Y70: =IF($D66=1,Y$8,IF($D66=2,Y$9,IF($D66=3,Y$10))) -> 365 | AA70: =IF($D66=1,AA$8,IF($D66=2,AA$9,IF($D66=3,AA$10))) -> 365 | AC70: =IF($D66=1,AC$8,IF($D66=2,AC$9,IF($D66=3,AC$10))) -> 365 | AE70: =AE67 -> 365 | AG70: =AG67 -> 365 | AI70: =AI67 -> 365 | AK70: =AK67 -> 365 | AM70: =AM67 -> 365 | AO70: =IF($D69=1,AO$8,IF($D69=2,AO$9,IF($D69=3,AO$10))) -> FALSE | AP70: 45936 | AQ70: =IF($D69=1,AQ$8,IF($D69=2,AQ$9,IF($D69=3,AQ$10))) -> FALSE | AR70: 45952 | AS70: =IF($D69=1,AS$8,IF($D69=2,AS$9,IF($D69=3,AS$10))) -> FALSE | AU70: =IF($D69=1,AU$8,IF($D69=2,AU$9,IF($D69=3,AU$10))) -> FALSE | AW70: =IF($D66=1,AW$8,IF($D66=2,AW$9,IF($D66=3,AW$10))) -> 365 | AY70: =IF($D66=1,AY$8,IF($D66=2,AY$9,IF($D66=3,AY$10))) -> 365 | BA70: =IF($D66=1,BA$8,IF($D66=2,BA$9,IF($D66=3,BA$10))) -> 122 | BC70: =IF($D66=1,BC$8,IF($D66=2,BC$9,IF($D66=3,BC$10))) -> 184 | BE70: =BE67 -> 184 | BG70: =BG67 -> 365 | BI70: =BI67 -> 184
I71: =IF(AND(J66=1,OR($G66="вп",$G66="вд",$G66="шп",$G66="оа")),1,0) -> 0 | J71: =IF(J70="",0,IF($C$2<(I70+J70)-15,2,IF($C$2<(I70+J70),1,"0"))) -> 0 | L71: =IF(L70="",0,IF($C$2<(K70+L70)-15,2,IF($C$2<(K70+L70),1,"0"))) -> 0 | N71: =IF(N70="",0,IF($C$2<(M70+N70)-15,2,IF($C$2<(M70+N70),1,"0"))) -> 0 | P71: =IF(P70="",0,IF($C$2<(O70+P70)-15,2,IF($C$2<(O70+P70),1,"0"))) -> 0 | R71: =IF(R70="",0,IF($C$2<(Q70+R70)-15,2,IF($C$2<(Q70+R70),1,"0"))) -> 0 | T71: =IF(T70="",0,IF($C$2<(S70+T70)-15,2,IF($C$2<(S70+T70),1,"0"))) -> 0 | V71: =IF(V67 = "",0,IF($C$2<(U67+V67)-15,2,IF($C$2<(U67+V67),1,"0"))) -> 0 | X71: =IF(X67 = "",0,IF($C$2<(W67+X67)-15,2,IF($C$2<(W67+X67),1,"0"))) -> 2 | Z71: =IF(Z67 = "",0,IF($C$2<(Y67+Z67)-15,2,IF($C$2<(Y67+Z67),1,"0"))) -> 2 | AB71: =IF(AB67 = "",0,IF($C$2<(AA67+AB67)-15,2,IF($C$2<(AA67+AB67),1,"0"))) -> 2 | AD71: =IF(AD67 = "",0,IF($C$2<(AC67+AD67)-15,2,IF($C$2<(AC67+AD67),1,"0"))) -> 2 | AF71: =IF(AF67 = "",0,IF($C$2<(AE67+AF67)-15,2,IF($C$2<(AE67+AF67),1,"0"))) -> 2 | AH71: =IF(AH67 = "",0,IF($C$2<(AG67+AH67)-15,2,IF($C$2<(AG67+AH67),1,"0"))) -> 2 | AJ71: =IF(AJ67 = "",0,IF($C$2<(AI67+AJ67)-15,2,IF($C$2<(AI67+AJ67),1,"0"))) -> 2 | AL71: =IF(AL67 = "",0,IF($C$2<(AK67+AL67)-15,2,IF($C$2<(AK67+AL67),1,"0"))) -> 0 | AN71: =IF(AN67 = "",0,IF($C$2<(AM67+AN67)-15,2,IF($C$2<(AM67+AN67),1,"0"))) -> 2 | AP71: =IF(AP70 = "",0,IF($C$2<(AO67+AP70)-15,2,IF($C$2<(AO67+AP70),1,"0"))) -> 2 | AR71: =IF(AR70 = "",0,IF($C$2<(AQ67+AR70)-15,2,IF($C$2<(AQ67+AR70),1,"0"))) -> 2 | AT71: =IF(AT67 = "",0,IF($C$2<(AS67+AT67)-15,2,IF($C$2<(AS67+AT67),1,"0"))) -> 2 | AV71: =IF(AV67 = "",0,IF($C$2<(AU67+AV67)-15,2,IF($C$2<(AU67+AV67),1,"0"))) -> #VALUE! | AX71: =IF(AX67 = "",0,IF($C$2<(AW67+AX67)-15,2,IF($C$2<(AW67+AX67),1,"0"))) -> 2 | AZ71: =IF(AZ67 = "",0,IF($C$2<(AY67+AZ67)-15,2,IF($C$2<(AY67+AZ67),1,"0"))) -> 2 | BB71: =IF(BB67 = "",0,IF($C$2<(BA67+BB67)-15,2,IF($C$2<(BA67+BB67),1,"0"))) -> 0 | BD71: =IF(BD67 = "",0,IF($C$2<(BC67+BD67)-15,2,IF($C$2<(BC67+BD67),1,"0"))) -> 0 | BF71: =IF(BF67 = "",0,IF($C$2<(BE67+BF67)-15,2,IF($C$2<(BE67+BF67),1,"0"))) -> 0 | BH71: =IF(BH67 = "",0,IF($C$2<(BG67+BH67)-15,2,IF($C$2<(BG67+BH67),1,"0"))) -> 0 | BJ71: =IF(BJ67 = "",0,IF($C$2<(BI67+BJ67)-15,2,IF($C$2<(BI67+BJ67),1,"0"))) -> 0
A72: 5 | B72: Ст. льотчик | D72: 1 | E72: 1 | F72: =IF(E72=1,1.5,1) -> 1.5 | G72: Бор | H72: Ми-8 | I72: 1 | J72: =IF(OR(J74=1,J74=2),1,0) -> 1 | K72: 1 | L72: =IF(OR(L74=1,L74=2),1,0) -> 0 | M72: 1 | N72: =IF(OR(N74=1,N74=2),1,0) -> 0 | O72: 1 | P72: =IF(OR(P74=1,P74=2),1,0) -> 0 | Q72: 1 | R72: =IF(OR(R74=1,R74=2),1,0) -> 0 | S72: 1 | T72: =IF(OR(T74=1,T74=2),1,0) -> 0
C73: п/п-к Потапов В.І. | I73: =IF($D72=1,I$8,IF($D72=2,I$9,I$10)) -> 107 | J73: {=MAX(IF((Main!$D$6:$D$798="ДПМУ")*(Main!$B$6:$B$798='Стан БГ'!C73)*(Main!$C$6:$C$798='Стан БГ'!H72),Main!$A$6:$A$798,0),L73,N73,P73,R73,T73,Date(2022,5,14))} -> 46033 | K73: =IF($D72=1,K$8,IF($D72=2,K$9,K$10)) -> 92 | L73: {=MAX(IF((Main!$D$6:$D$798="ДСМУ")*(Main!$B$6:$B$798='Стан БГ'!C73)*(Main!$C$6:$C$798='Стан БГ'!H72),Main!$A$6:$A$798,0),N73,R73,T73,Date(2025,7,9))} -> 45937 | M73: =IF($D72=1,M$8,IF($D72=2,M$9,M$10)) -> 77 | N73: {=MAX(IF((Main!$D$6:$D$798="ДВМП")*(Main!$B$6:$B$798='Стан БГ'!C73)*(Main!$C$6:$C$798='Стан БГ'!H72),Main!$A$6:$A$798,0),T73,Date(2025,7,9))} -> 45847 | O73: =IF($D72=1,O$8,IF($D72=2,O$9,O$10)) -> 92 | P73: {=MAX(IF((Main!$D$6:$D$798="НПМУ")*(Main!$B$6:$B$798='Стан БГ'!C73)*(Main!$C$6:$C$798='Стан БГ'!H72),Main!$A$6:$A$798,0),R73,T73,Date(2025,8,8))} -> 45877 | Q73: =IF($D72=1,Q$8,IF($D72=2,Q$9,Q$10)) -> 77 | R73: {=IF(MAX(IF((Main!$D$6:$D$798="НСМУ")*(Main!$B$6:$B$798='Стан БГ'!C73)*(Main!$C$6:$C$798='Стан БГ'!H72),Main!$A$6:$A$798,0),T73)>0,MAX(IF((Main!$D$6:$D$798="НСМУ")*(Main!$B$6:$B$798='Стан БГ'!C73)*(Main!$C$6:$C$798='Стан БГ'!H72),Main!$A$6:$A$798,0),T73),"")} | S73: =IF($D72=1,S$8,IF($D72=2,S$9,S$10)) -> 61 | T73: {=IF(MAX(IF((Main!$D$6:$D$798="НВМП")*(Main!$B$6:$B$798='Стан БГ'!C73)*(Main!$C$6:$C$798='Стан БГ'!H72),Main!$A$6:$A$798,0))>0,MAX(IF((Main!$D$6:$D$798="НВМП")*(Main!$B$6:$B$798='Стан БГ'!C73)*(Main!$C$6:$C$798='Стан БГ'!H72),Main!$A$6:$A$798,0)),"")} | U73: =IF($D72=1,U$8,IF($D72=2,U$9,IF($D72=3,U$10))) -> 365 | W73: =IF($D72=1,W$8,IF($D72=2,W$9,IF($D72=3,W$10))) -> 365 | X73: 46033 | Y73: =IF($D72=1,Y$8,IF($D72=2,Y$9,IF($D72=3,Y$10))) -> 365 | Z73: 46033 | AA73: =IF($D72=1,AA$8,IF($D72=2,AA$9,IF($D72=3,AA$10))) -> 365 | AB73: 46033 | AC73: =IF($D72=1,AC$8,IF($D72=2,AC$9,IF($D72=3,AC$10))) -> 365 | AD73: 46033 | AE73: =IF($D72=1,AE$8,IF($D72=2,AE$9,IF($D72=3,AE$10))) -> 365 | AF73: 45664 | AG73: =IF($D72=1,AG$8,IF($D72=2,AG$9,IF($D72=3,AG$10))) -> 365 | AH73: 45847 | AI73: =IF($D72=1,AI$8,IF($D72=2,AI$9,IF($D72=3,AI$10))) -> 365 | AJ73: 45664 | AK73: =IF($D72=1,AK$8,IF($D72=2,AK$9,IF($D72=3,AK$10))) -> 365 | AM73: =IF($D72=1,AM$8,IF($D72=2,AM$9,IF($D72=3,AM$10))) -> 365 | AN73: 45649 | AO73: =IF($D72=1,AO$8,IF($D72=2,AO$9,IF($D72=3,AO$10))) -> 184 | AP73: 45859 | AQ73: =IF($D72=1,AQ$8,IF($D72=2,AQ$9,IF($D72=3,AQ$10))) -> 365 | AR73: 45855 | AS73: =IF($D72=1,AS$8,IF($D72=2,AS$9,IF($D72=3,AS$10))) -> 365 | AT73: 45677 | AU73: =IF($D72=1,AU$8,IF($D72=2,AU$9,IF($D72=3,AU$10))) -> 1095 | AV73: 44811 | AW73: =IF($D72=1,AW$8,IF($D72=2,AW$9,IF($D72=3,AW$10))) -> 365 | AX73: {=IF(MAX(IF((ISNUMBER(SEARCH("Складний пілотаж",Main!$M$6:$M$798)))*(Main!$B$6:$B$798='Стан БГ'!C73),Main!$A$6:$A$798,0))>0,MAX(IF((ISNUMBER(SEARCH("Складний пілотаж",Main!$M$6:$M$798)))*(Main!$B$6:$B$798='Стан БГ'!C73),Main!$A$6:$A$798,0)),"23.04.2025")} -> 23.04.2025 | AY73: =IF($D72=1,AY$8,IF($D72=2,AY$9,IF($D72=3,AY$10))) -> 365 | AZ73: {=IF(MAX(IF((ISNUMBER(SEARCH("Мала висота",Main!$M$6:$M$798)))*(Main!$B$6:$B$798='Стан БГ'!C73),Main!$A$6:$A$798,0))>0,MAX(IF((ISNUMBER(SEARCH("Мала висота",Main!$M$6:$M$798)))*(Main!$B$6:$B$798='Стан БГ'!C73),Main!$A$6:$A$798,0)),"24.04.2025")} -> 24.04.2025 | BA73: =IF($D72=1,BA$8,IF($D72=2,BA$9,IF($D72=3,BA$10))) -> 122 | BB73: {=IF(MAX(IF((ISNUMBER(SEARCH("Гр. мала висота (ОНБ)",Main!$M$6:$M$798)))*(Main!$B$6:$B$798='Стан БГ'!C73),Main!$A$6:$A$798,0))>0,MAX(IF((ISNUMBER(SEARCH("Гр. мала висота (ОНБ)",Main!$M$6:$M$798)))*(Main!$B$6:$B$798='Стан БГ'!C73),Main!$A$6:$A$798,0)),"27.06.2025")} -> 27.06.2025 | BC73: =IF($D72=1,BC$8,IF($D72=2,BC$9,IF($D72=3,BC$10))) -> 184 | BD73: {=IF(MAX(IF((ISNUMBER(SEARCH("Бойове застосування",Main!$M$6:$M$798)))*(Main!$B$6:$B$798='Стан БГ'!C73),Main!$A$6:$A$798,0))>0,MAX(IF((ISNUMBER(SEARCH("Бойове застосування",Main!$M$6:$M$798)))*(Main!$B$6:$B$798='Стан БГ'!C73),Main!$A$6:$A$798,0)),"22.04.2025")} -> 22.04.2025 | BE73: =IF($D72=1,BE$8,IF($D72=2,BE$9,IF($D72=3,BE$10))) -> 184 | BF73: {=IF(MAX(IF((ISNUMBER(SEARCH("Групова злітаність",Main!$M$6:$M$798)))*(Main!$B$6:$B$798='Стан БГ'!C73),Main!$A$6:$A$798,0))>0,MAX(IF((ISNUMBER(SEARCH("Групова злітаність",Main!$M$6:$M$798)))*(Main!$B$6:$B$798='Стан БГ'!C73),Main!$A$6:$A$798,0)),"24.04.2025")} -> 24.04.2025 | BG73: =IF($D72=1,BG$8,IF($D72=2,BG$9,IF($D72=3,BG$10))) -> 365 | BH73: {=IF(MAX(IF((ISNUMBER(SEARCH("На десантування",Main!$M$6:$M$798)))*(Main!$B$6:$B$798='Стан БГ'!C73),Main!$A$6:$A$798,0))>0,MAX(IF((ISNUMBER(SEARCH("На десантування",Main!$M$6:$M$798)))*(Main!$B$6:$B$798='Стан БГ'!C73),Main!$A$6:$A$798,0)),"07.01.2025")} -> 45907 | BI73: =IF($D72=1,BI$8,IF($D72=2,BI$9,IF($D72=3,BI$10))) -> 184 | BJ73: 45664
I74: =IF(AND(J72=1,OR($G72="вп",$G72="вд",$G72="шп",$G72="оа")),1,0) -> 0 | J74: =IF(J73="",0,IF($C$2<(I73+J73)-15,2,IF($C$2<(I73+J73),1,"0"))) -> 2 | L74: =IF(L73="",0,IF($C$2<(K73+L73)-15,2,IF($C$2<(K73+L73),1,"0"))) -> 0 | N74: =IF(N73="",0,IF($C$2<(M73+N73)-15,2,IF($C$2<(M73+N73),1,"0"))) -> 0 | P74: =IF(P73="",0,IF($C$2<(O73+P73)-15,2,IF($C$2<(O73+P73),1,"0"))) -> 0 | R74: =IF(R73="",0,IF($C$2<(Q73+R73)-15,2,IF($C$2<(Q73+R73),1,"0"))) -> 0 | T74: =IF(T73="",0,IF($C$2<(S73+T73)-15,2,IF($C$2<(S73+T73),1,"0"))) -> 0 | AP74: =IF(AP73 = "",0,IF($C$2<(AO73+AP73)-15,2,IF($C$2<(AO73+AP73),1,"0"))) -> 0 | AR74: =IF(AR73 = "",0,IF($C$2<(AQ73+AR73)-15,2,IF($C$2<(AQ73+AR73),1,"0"))) -> 2
I75: 1 | J75: =IF(OR(J77=1,J77=2),1,0) -> 0 | K75: 1 | L75: =IF(OR(L77=1,L77=2),1,0) -> 0 | M75: 1 | N75: =IF(OR(N77=1,N77=2),1,0) -> 0 | O75: 1 | P75: =IF(OR(P77=1,P77=2),1,0) -> 0 | Q75: 1 | R75: =IF(OR(R77=1,R77=2),1,0) -> 0 | S75: 1 | T75: =IF(OR(T77=1,T77=2),1,0) -> 0
I76: =I73 -> 107 | J76: {=IF(MAX(IF((Main!$D$6:$D$798="ДПМУ")*(Main!$B$6:$B$798='Стан БГ'!C73)*(Main!$C$6:$C$798='Стан БГ'!H75),Main!$A$6:$A$798,0),L76,N76,P76,R76,T76)>0,MAX(IF((Main!$D$6:$D$798="ДПМУ")*(Main!$B$6:$B$798='Стан БГ'!C73)*(Main!$C$6:$C$798='Стан БГ'!H75),Main!$A$6:$A$798,0),L76,N76,P76,R76,T76),"")} | K76: =K73 -> 92 | L76: {=IF(MAX(IF((Main!$D$6:$D$798="ДСМУ")*(Main!$B$6:$B$798='Стан БГ'!C73)*(Main!$C$6:$C$798='Стан БГ'!H75),Main!$A$6:$A$798,0),N76,R76,T76)>0,MAX(IF((Main!$D$6:$D$798="ДСМУ")*(Main!$B$6:$B$798='Стан БГ'!C73)*(Main!$C$6:$C$798='Стан БГ'!H75),Main!$A$6:$A$798,0),N76,R76,T76),"")} | M76: =M73 -> 77 | N76: {=IF(MAX(IF((Main!$D$6:$D$798="ДВМП")*(Main!$B$6:$B$798='Стан БГ'!C73)*(Main!$C$6:$C$798='Стан БГ'!H75),Main!$A$6:$A$798,0),T76)>0,MAX(IF((Main!$D$6:$D$798="ДВМП")*(Main!$B$6:$B$798='Стан БГ'!C73)*(Main!$C$6:$C$798='Стан БГ'!H75),Main!$A$6:$A$798,0),T76),"")} | O76: =O73 -> 92 | P76: {=IF(MAX(IF((Main!$D$6:$D$798="НПМУ")*(Main!$B$6:$B$798='Стан БГ'!C73)*(Main!$C$6:$C$798='Стан БГ'!H75),Main!$A$6:$A$798,0),R76,T76)>0,MAX(IF((Main!$D$6:$D$798="НПМУ")*(Main!$B$6:$B$798='Стан БГ'!C73)*(Main!$C$6:$C$798='Стан БГ'!H75),Main!$A$6:$A$798,0),R76,T76),"")} | Q76: =Q73 -> 77 | R76: {=IF(MAX(IF((Main!$D$6:$D$798="НСМУ")*(Main!$B$6:$B$798='Стан БГ'!C73)*(Main!$C$6:$C$798='Стан БГ'!H75),Main!$A$6:$A$798,0),T76)>0,MAX(IF((Main!$D$6:$D$798="НСМУ")*(Main!$B$6:$B$798='Стан БГ'!C73)*(Main!$C$6:$C$798='Стан БГ'!H75),Main!$A$6:$A$798,0),T76),"")} | S76: =S73 -> 61 | T76: {=IF(MAX(IF((Main!$D$6:$D$798="НВМП")*(Main!$B$6:$B$798='Стан БГ'!C73)*(Main!$C$6:$C$798='Стан БГ'!H75),Main!$A$6:$A$798,0))>0,MAX(IF((Main!$D$6:$D$798="НВМП")*(Main!$B$6:$B$798='Стан БГ'!C73)*(Main!$C$6:$C$798='Стан БГ'!H75),Main!$A$6:$A$798,0)),"")} | U76: =U73 -> 365 | W76: =IF($D72=1,W$8,IF($D72=2,W$9,IF($D72=3,W$10))) -> 365 | Y76: =IF($D72=1,Y$8,IF($D72=2,Y$9,IF($D72=3,Y$10))) -> 365 | AA76: =IF($D72=1,AA$8,IF($D72=2,AA$9,IF($D72=3,AA$10))) -> 365 | AC76: =IF($D72=1,AC$8,IF($D72=2,AC$9,IF($D72=3,AC$10))) -> 365 | AE76: =AE73 -> 365 | AG76: =AG73 -> 365 | AI76: =AI73 -> 365 | AK76: =AK73 -> 365 | AM76: =AM73 -> 365 | AO76: =IF($D75=1,AO$8,IF($D75=2,AO$9,IF($D75=3,AO$10))) -> FALSE | AQ76: =IF($D75=1,AQ$8,IF($D75=2,AQ$9,IF($D75=3,AQ$10))) -> FALSE | AR76: 45674 | AS76: =IF($D75=1,AS$8,IF($D75=2,AS$9,IF($D75=3,AS$10))) -> FALSE | AU76: =IF($D75=1,AU$8,IF($D75=2,AU$9,IF($D75=3,AU$10))) -> FALSE | AW76: =IF($D72=1,AW$8,IF($D72=2,AW$9,IF($D72=3,AW$10))) -> 365 | AY76: =IF($D72=1,AY$8,IF($D72=2,AY$9,IF($D72=3,AY$10))) -> 365 | BA76: =IF($D72=1,BA$8,IF($D72=2,BA$9,IF($D72=3,BA$10))) -> 122 | BC76: =IF($D72=1,BC$8,IF($D72=2,BC$9,IF($D72=3,BC$10))) -> 184 | BE76: =BE73 -> 184 | BG76: =BG73 -> 365 | BI76: =BI73 -> 184
I77: =IF(AND(J72=1,OR($G72="вп",$G72="вд",$G72="шп",$G72="оа")),1,0) -> 0 | J77: =IF(J76="",0,IF($C$2<(I76+J76)-15,2,IF($C$2<(I76+J76),1,"0"))) -> 0 | L77: =IF(L76="",0,IF($C$2<(K76+L76)-15,2,IF($C$2<(K76+L76),1,"0"))) -> 0 | N77: =IF(N76="",0,IF($C$2<(M76+N76)-15,2,IF($C$2<(M76+N76),1,"0"))) -> 0 | P77: =IF(P76="",0,IF($C$2<(O76+P76)-15,2,IF($C$2<(O76+P76),1,"0"))) -> 0 | R77: =IF(R76="",0,IF($C$2<(Q76+R76)-15,2,IF($C$2<(Q76+R76),1,"0"))) -> 0 | T77: =IF(T76="",0,IF($C$2<(S76+T76)-15,2,IF($C$2<(S76+T76),1,"0"))) -> 0 | V77: =IF(V73 = "",0,IF($C$2<(U73+V73)-15,2,IF($C$2<(U73+V73),1,"0"))) -> 0 | X77: =IF(X73 = "",0,IF($C$2<(W73+X73)-15,2,IF($C$2<(W73+X73),1,"0"))) -> 2 | Z77: =IF(Z73 = "",0,IF($C$2<(Y73+Z73)-15,2,IF($C$2<(Y73+Z73),1,"0"))) -> 2 | AB77: =IF(AB73 = "",0,IF($C$2<(AA73+AB73)-15,2,IF($C$2<(AA73+AB73),1,"0"))) -> 2 | AD77: =IF(AD73 = "",0,IF($C$2<(AC73+AD73)-15,2,IF($C$2<(AC73+AD73),1,"0"))) -> 2 | AF77: =IF(AF73 = "",0,IF($C$2<(AE73+AF73)-15,2,IF($C$2<(AE73+AF73),1,"0"))) -> 0 | AH77: =IF(AH73 = "",0,IF($C$2<(AG73+AH73)-15,2,IF($C$2<(AG73+AH73),1,"0"))) -> 2 | AJ77: =IF(AJ73 = "",0,IF($C$2<(AI73+AJ73)-15,2,IF($C$2<(AI73+AJ73),1,"0"))) -> 0 | AL77: =IF(AL73 = "",0,IF($C$2<(AK73+AL73)-15,2,IF($C$2<(AK73+AL73),1,"0"))) -> 0 | AN77: =IF(AN73 = "",0,IF($C$2<(AM73+AN73)-15,2,IF($C$2<(AM73+AN73),1,"0"))) -> 0 | AP77: =IF(AP76 = "",0,IF($C$2<(AO73+AP76)-15,2,IF($C$2<(AO73+AP76),1,"0"))) -> 0 | AR77: =IF(AR76 = "",0,IF($C$2<(AQ73+AR76)-15,2,IF($C$2<(AQ73+AR76),1,"0"))) -> 0 | AT77: =IF(AT73 = "",0,IF($C$2<(AS73+AT73)-15,2,IF($C$2<(AS73+AT73),1,"0"))) -> 0 | AV77: =IF(AV73 = "",0,IF($C$2<(AU73+AV73)-15,2,IF($C$2<(AU73+AV73),1,"0"))) -> 0 | AX77: =IF(AX73 = "",0,IF($C$2<(AW73+AX73)-15,2,IF($C$2<(AW73+AX73),1,"0"))) -> 2 | AZ77: =IF(AZ73 = "",0,IF($C$2<(AY73+AZ73)-15,2,IF($C$2<(AY73+AZ73),1,"0"))) -> 2 | BB77: =IF(BB73 = "",0,IF($C$2<(BA73+BB73)-15,2,IF($C$2<(BA73+BB73),1,"0"))) -> 0 | BD77: =IF(BD73 = "",0,IF($C$2<(BC73+BD73)-15,2,IF($C$2<(BC73+BD73),1,"0"))) -> 0 | BF77: =IF(BF73 = "",0,IF($C$2<(BE73+BF73)-15,2,IF($C$2<(BE73+BF73),1,"0"))) -> 0 | BH77: =IF(BH73 = "",0,IF($C$2<(BG73+BH73)-15,2,IF($C$2<(BG73+BH73),1,"0"))) -> 2 | BJ77: =IF(BJ73 = "",0,IF($C$2<(BI73+BJ73)-15,2,IF($C$2<(BI73+BJ73),1,"0"))) -> 0
A78: 6 | B78: Ст. льотчик | D78: 2 | E78: 1 | F78: =IF(E78=1,1.5,1) -> 1.5 | H78: Ми-8 | I78: 1 | J78: =IF(OR(J80=1,J80=2),1,0) -> 1 | K78: 1 | L78: =IF(OR(L80=1,L80=2),1,0) -> 0 | M78: 1 | N78: =IF(OR(N80=1,N80=2),1,0) -> 0 | O78: 1 | P78: =IF(OR(P80=1,P80=2),1,0) -> 0 | Q78: 1 | R78: =IF(OR(R80=1,R80=2),1,0) -> 0 | S78: 1 | T78: =IF(OR(T80=1,T80=2),1,0) -> 0
C79: п/п-к Гуменник С.М. | I79: =IF($D78=1,I$8,IF($D78=2,I$9,I$10)) -> 92 | J79: {=IF(MAX(IF((Main!$D$6:$D$798="ДПМУ")*(Main!$B$6:$B$798='Стан БГ'!C79)*(Main!$C$6:$C$798='Стан БГ'!H78),Main!$A$6:$A$798,0),L79,N79,P79,R79,T79)>0,MAX(IF((Main!$D$6:$D$798="ДПМУ")*(Main!$B$6:$B$798='Стан БГ'!C79)*(Main!$C$6:$C$798='Стан БГ'!H78),Main!$A$6:$A$798,0),L79,N79,P79,R79,T79),"")} -> 46043 | K79: =IF($D78=1,K$8,IF($D78=2,K$9,K$10)) -> 77 | L79: {=MAX(IF((Main!$D$6:$D$798="ДСМУ")*(Main!$B$6:$B$798='Стан БГ'!C79)*(Main!$C$6:$C$798='Стан БГ'!H78),Main!$A$6:$A$798,0),N79,R79,T79,Date(2024,5,16))} -> 45428 | M79: =IF($D78=1,M$8,IF($D78=2,M$9,M$10)) -> 61 | N79: {=IF(MAX(IF((Main!$D$6:$D$798="ДВМП")*(Main!$B$6:$B$798='Стан БГ'!C79)*(Main!$C$6:$C$798='Стан БГ'!H78),Main!$A$6:$A$798,0),T79)>0,MAX(IF((Main!$D$6:$D$798="ДВМП")*(Main!$B$6:$B$798='Стан БГ'!C79)*(Main!$C$6:$C$798='Стан БГ'!H78),Main!$A$6:$A$798,0),T79),"")} | O79: =IF($D78=1,O$8,IF($D78=2,O$9,O$10)) -> 77 | P79: {=MAX(IF((Main!$D$6:$D$798="НПМУ")*(Main!$B$6:$B$798='Стан БГ'!C79)*(Main!$C$6:$C$798='Стан БГ'!H78),Main!$A$6:$A$798,0),R79,T79,Date(2025,8,25))} -> 45956 | Q79: =IF($D78=1,Q$8,IF($D78=2,Q$9,Q$10)) -> 61 | R79: {=IF(MAX(IF((Main!$D$6:$D$798="НСМУ")*(Main!$B$6:$B$798='Стан БГ'!C79)*(Main!$C$6:$C$798='Стан БГ'!H78),Main!$A$6:$A$798,0),T79)>0,MAX(IF((Main!$D$6:$D$798="НСМУ")*(Main!$B$6:$B$798='Стан БГ'!C79)*(Main!$C$6:$C$798='Стан БГ'!H78),Main!$A$6:$A$798,0),T79),"")} | S79: =IF($D78=1,S$8,IF($D78=2,S$9,S$10)) -> 46 | T79: {=IF(MAX(IF((Main!$D$6:$D$798="НВМП")*(Main!$B$6:$B$798='Стан БГ'!C79)*(Main!$C$6:$C$798='Стан БГ'!H78),Main!$A$6:$A$798,0))>0,MAX(IF((Main!$D$6:$D$798="НВМП")*(Main!$B$6:$B$798='Стан БГ'!C79)*(Main!$C$6:$C$798='Стан БГ'!H78),Main!$A$6:$A$798,0)),"")} | U79: =IF($D78=1,U$8,IF($D78=2,U$9,IF($D78=3,U$10))) -> 365 | V79: 45513 | W79: =IF($D78=1,W$8,IF($D78=2,W$9,IF($D78=3,W$10))) -> 365 | X79: 45889 | Y79: =IF($D78=1,Y$8,IF($D78=2,Y$9,IF($D78=3,Y$10))) -> 365 | Z79: 45889 | AA79: =IF($D78=1,AA$8,IF($D78=2,AA$9,IF($D78=3,AA$10))) -> 365 | AB79: 46025 | AC79: =IF($D78=1,AC$8,IF($D78=2,AC$9,IF($D78=3,AC$10))) -> 365 | AD79: 45785 | AE79: =IF($D78=1,AE$8,IF($D78=2,AE$9,IF($D78=3,AE$10))) -> 365 | AF79: 45785 | AG79: =IF($D78=1,AG$8,IF($D78=2,AG$9,IF($D78=3,AG$10))) -> 365 | AH79: 46025 | AI79: =IF($D78=1,AI$8,IF($D78=2,AI$9,IF($D78=3,AI$10))) -> 365 | AJ79: 45820 | AK79: =IF($D78=1,AK$8,IF($D78=2,AK$9,IF($D78=3,AK$10))) -> 365 | AM79: =IF($D78=1,AM$8,IF($D78=2,AM$9,IF($D78=3,AM$10))) -> 365 | AN79: 45647 | AO79: =IF($D78=1,AO$8,IF($D78=2,AO$9,IF($D78=3,AO$10))) -> 184 | AP79: 45925 | AQ79: =IF($D78=1,AQ$8,IF($D78=2,AQ$9,IF($D78=3,AQ$10))) -> 365 | AR79: 45687 | AS79: =IF($D78=1,AS$8,IF($D78=2,AS$9,IF($D78=3,AS$10))) -> 365 | AT79: 45876 | AU79: =IF($D78=1,AU$8,IF($D78=2,AU$9,IF($D78=3,AU$10))) -> 1095 | AV79: 45824 | AW79: =IF($D78=1,AW$8,IF($D78=2,AW$9,IF($D78=3,AW$10))) -> 365 | AX79: {=IF(MAX(IF((ISNUMBER(SEARCH("Складний пілотаж",Main!$M$6:$M$798)))*(Main!$B$6:$B$798='Стан БГ'!C79),Main!$A$6:$A$798,0))>0,MAX(IF((ISNUMBER(SEARCH("Складний пілотаж",Main!$M$6:$M$798)))*(Main!$B$6:$B$798='Стан БГ'!C79),Main!$A$6:$A$798,0)),"23.08.2025")} -> 45894 | AY79: =IF($D78=1,AY$8,IF($D78=2,AY$9,IF($D78=3,AY$10))) -> 365 | AZ79: {=IF(MAX(IF((ISNUMBER(SEARCH("Мала висота",Main!$M$6:$M$798)))*(Main!$B$6:$B$798='Стан БГ'!C79),Main!$A$6:$A$798,0))>0,MAX(IF((ISNUMBER(SEARCH("Мала висота",Main!$M$6:$M$798)))*(Main!$B$6:$B$798='Стан БГ'!C79),Main!$A$6:$A$798,0)),"25.08.2025")} -> 45955 | BA79: =IF($D78=1,BA$8,IF($D78=2,BA$9,IF($D78=3,BA$10))) -> 122 | BB79: {=IF(MAX(IF((ISNUMBER(SEARCH("Гр. мала висота (ОНБ)",Main!$M$6:$M$798)))*(Main!$B$6:$B$798='Стан БГ'!C79),Main!$A$6:$A$798,0))>0,MAX(IF((ISNUMBER(SEARCH("Гр. мала висота (ОНБ)",Main!$M$6:$M$798)))*(Main!$B$6:$B$798='Стан БГ'!C79),Main!$A$6:$A$798,0)),"23.08.2025")} -> 45909 | BC79: =IF($D78=1,BC$8,IF($D78=2,BC$9,IF($D78=3,BC$10))) -> 184 | BD79: {=IF(MAX(IF((ISNUMBER(SEARCH("Бойове застосування",Main!$M$6:$M$798)))*(Main!$B$6:$B$798='Стан БГ'!C79),Main!$A$6:$A$798,0))>0,MAX(IF((ISNUMBER(SEARCH("Бойове застосування",Main!$M$6:$M$798)))*(Main!$B$6:$B$798='Стан БГ'!C79),Main!$A$6:$A$798,0)),"12.06.2025")} -> 12.06.2025 | BE79: =IF($D78=1,BE$8,IF($D78=2,BE$9,IF($D78=3,BE$10))) -> 184 | BF79: {=IF(MAX(IF((ISNUMBER(SEARCH("Групова злітаність",Main!$M$6:$M$798)))*(Main!$B$6:$B$798='Стан БГ'!C79),Main!$A$6:$A$798,0))>0,MAX(IF((ISNUMBER(SEARCH("Групова злітаність",Main!$M$6:$M$798)))*(Main!$B$6:$B$798='Стан БГ'!C79),Main!$A$6:$A$798,0)),"14.01.2024")} -> 14.01.2024 | BG79: =IF($D78=1,BG$8,IF($D78=2,BG$9,IF($D78=3,BG$10))) -> 365 | BH79: {=IF(MAX(IF((ISNUMBER(SEARCH("На десантування",Main!$M$6:$M$798)))*(Main!$B$6:$B$798='Стан БГ'!C79),Main!$A$6:$A$798,0))>0,MAX(IF((ISNUMBER(SEARCH("На десантування",Main!$M$6:$M$798)))*(Main!$B$6:$B$798='Стан БГ'!C79),Main!$A$6:$A$798,0)),"05.04.2024")} -> 05.04.2024 | BI79: =IF($D78=1,BI$8,IF($D78=2,BI$9,IF($D78=3,BI$10))) -> 184 | BJ79: 45512
I80: =IF(AND(J78=1,OR($G78="вп",$G78="вд",$G78="шп",$G78="оа")),1,0) -> 0 | J80: =IF(J79="",0,IF($C$2<(I79+J79)-15,2,IF($C$2<(I79+J79),1,"0"))) -> 2 | L80: =IF(L79="",0,IF($C$2<(K79+L79)-15,2,IF($C$2<(K79+L79),1,"0"))) -> 0 | N80: =IF(N79="",0,IF($C$2<(M79+N79)-15,2,IF($C$2<(M79+N79),1,"0"))) -> 0 | P80: =IF(P79="",0,IF($C$2<(O79+P79)-15,2,IF($C$2<(O79+P79),1,"0"))) -> 0 | R80: =IF(R79="",0,IF($C$2<(Q79+R79)-15,2,IF($C$2<(Q79+R79),1,"0"))) -> 0 | T80: =IF(T79="",0,IF($C$2<(S79+T79)-15,2,IF($C$2<(S79+T79),1,"0"))) -> 0 | AP80: =IF(AP79 = "",0,IF($C$2<(AO79+AP79)-15,2,IF($C$2<(AO79+AP79),1,"0"))) -> 2 | AR80: =IF(AR79 = "",0,IF($C$2<(AQ79+AR79)-15,2,IF($C$2<(AQ79+AR79),1,"0"))) -> 0
H81: Ми-24 | I81: 1 | J81: =IF(OR(J83=1,J83=2),1,0) -> 0 | K81: 1 | L81: =IF(OR(L83=1,L83=2),1,0) -> 0 | M81: 1 | N81: =IF(OR(N83=1,N83=2),1,0) -> 0 | O81: 1 | P81: =IF(OR(P83=1,P83=2),1,0) -> 0 | Q81: 1 | R81: =IF(OR(R83=1,R83=2),1,0) -> 0 | S81: 1 | T81: =IF(OR(T83=1,T83=2),1,0) -> 0
I82: =I79 -> 92 | J82: {=MAX(IF((Main!$D$6:$D$798="ДПМУ")*(Main!$B$6:$B$798='Стан БГ'!C79)*(Main!$C$6:$C$798='Стан БГ'!H81),Main!$A$6:$A$798,0),L82,N82,P82,R82,T82,Date(2022,10,12))} -> 44846 | K82: =K79 -> 77 | L82: {=MAX(IF((Main!$D$6:$D$798="ДСМУ")*(Main!$B$6:$B$798='Стан БГ'!C79)*(Main!$C$6:$C$798='Стан БГ'!H81),Main!$A$6:$A$798,0),N82,R82,T82,Date(2022,10,12))} -> 44846 | M82: =M79 -> 61 | N82: {=MAX(IF((Main!$D$6:$D$798="ДВМП")*(Main!$B$6:$B$798='Стан БГ'!C79)*(Main!$C$6:$C$798='Стан БГ'!H81),Main!$A$6:$A$798,0),T82,Date(2022,10,12))} -> 44846 | O82: =O79 -> 77 | P82: {=MAX(IF((Main!$D$6:$D$798="НПМУ")*(Main!$B$6:$B$798='Стан БГ'!C79)*(Main!$C$6:$C$798='Стан БГ'!H81),Main!$A$6:$A$798,0),R82,T82,Date(2022,10,12))} -> 44846 | Q82: =Q79 -> 61 | R82: {=MAX(IF((Main!$D$6:$D$798="НСМУ")*(Main!$B$6:$B$798='Стан БГ'!C79)*(Main!$C$6:$C$798='Стан БГ'!H81),Main!$A$6:$A$798,0),T82,Date(2022,10,12))} -> 44846 | S82: =S79 -> 46 | T82: {=MAX(IF((Main!$D$6:$D$798="НВМП")*(Main!$B$6:$B$798='Стан БГ'!C79)*(Main!$C$6:$C$798='Стан БГ'!H81),Main!$A$6:$A$798,0),Date(2022,10,12))} -> 44846 | U82: =U79 -> 365 | W82: =IF($D78=1,W$8,IF($D78=2,W$9,IF($D78=3,W$10))) -> 365 | Y82: =IF($D78=1,Y$8,IF($D78=2,Y$9,IF($D78=3,Y$10))) -> 365 | AA82: =IF($D78=1,AA$8,IF($D78=2,AA$9,IF($D78=3,AA$10))) -> 365 | AC82: =IF($D78=1,AC$8,IF($D78=2,AC$9,IF($D78=3,AC$10))) -> 365 | AE82: =AE79 -> 365 | AG82: =AG79 -> 365 | AI82: =AI79 -> 365 | AK82: =AK79 -> 365 | AM82: =AM79 -> 365 | AO82: =IF($D81=1,AO$8,IF($D81=2,AO$9,IF($D81=3,AO$10))) -> FALSE | AP82: 45742 | AQ82: =IF($D81=1,AQ$8,IF($D81=2,AQ$9,IF($D81=3,AQ$10))) -> FALSE | AR82: 45881 | AS82: =IF($D81=1,AS$8,IF($D81=2,AS$9,IF($D81=3,AS$10))) -> FALSE | AU82: =IF($D81=1,AU$8,IF($D81=2,AU$9,IF($D81=3,AU$10))) -> FALSE | AW82: =IF($D78=1,AW$8,IF($D78=2,AW$9,IF($D78=3,AW$10))) -> 365 | AY82: =IF($D78=1,AY$8,IF($D78=2,AY$9,IF($D78=3,AY$10))) -> 365 | BA82: =IF($D78=1,BA$8,IF($D78=2,BA$9,IF($D78=3,BA$10))) -> 122 | BC82: =IF($D78=1,BC$8,IF($D78=2,BC$9,IF($D78=3,BC$10))) -> 184 | BE82: =BE79 -> 184 | BG82: =BG79 -> 365 | BI82: =BI79 -> 184
I83: =IF(AND(J78=1,OR($G78="вп",$G78="вд",$G78="шп",$G78="оа")),1,0) -> 0 | J83: =IF(J82="",0,IF($C$2<(I82+J82)-15,2,IF($C$2<(I82+J82),1,"0"))) -> 0 | L83: =IF(L82="",0,IF($C$2<(K82+L82)-15,2,IF($C$2<(K82+L82),1,"0"))) -> 0 | N83: =IF(N82="",0,IF($C$2<(M82+N82)-15,2,IF($C$2<(M82+N82),1,"0"))) -> 0 | P83: =IF(P82="",0,IF($C$2<(O82+P82)-15,2,IF($C$2<(O82+P82),1,"0"))) -> 0 | R83: =IF(R82="",0,IF($C$2<(Q82+R82)-15,2,IF($C$2<(Q82+R82),1,"0"))) -> 0 | T83: =IF(T82="",0,IF($C$2<(S82+T82)-15,2,IF($C$2<(S82+T82),1,"0"))) -> 0 | V83: =IF(V79 = "",0,IF($C$2<(U79+V79)-15,2,IF($C$2<(U79+V79),1,"0"))) -> 0 | X83: =IF(X79 = "",0,IF($C$2<(W79+X79)-15,2,IF($C$2<(W79+X79),1,"0"))) -> 2 | Z83: =IF(Z79 = "",0,IF($C$2<(Y79+Z79)-15,2,IF($C$2<(Y79+Z79),1,"0"))) -> 2 | AB83: =IF(AB79 = "",0,IF($C$2<(AA79+AB79)-15,2,IF($C$2<(AA79+AB79),1,"0"))) -> 2 | AD83: =IF(AD79 = "",0,IF($C$2<(AC79+AD79)-15,2,IF($C$2<(AC79+AD79),1,"0"))) -> 2 | AF83: =IF(AF79 = "",0,IF($C$2<(AE79+AF79)-15,2,IF($C$2<(AE79+AF79),1,"0"))) -> 2 | AH83: =IF(AH79 = "",0,IF($C$2<(AG79+AH79)-15,2,IF($C$2<(AG79+AH79),1,"0"))) -> 2 | AJ83: =IF(AJ79 = "",0,IF($C$2<(AI79+AJ79)-15,2,IF($C$2<(AI79+AJ79),1,"0"))) -> 2 | AL83: =IF(AL79 = "",0,IF($C$2<(AK79+AL79)-15,2,IF($C$2<(AK79+AL79),1,"0"))) -> 0 | AN83: =IF(AN79 = "",0,IF($C$2<(AM79+AN79)-15,2,IF($C$2<(AM79+AN79),1,"0"))) -> 0 | AP83: =IF(AP82 = "",0,IF($C$2<(AO79+AP82)-15,2,IF($C$2<(AO79+AP82),1,"0"))) -> 0 | AR83: =IF(AR82 = "",0,IF($C$2<(AQ79+AR82)-15,2,IF($C$2<(AQ79+AR82),1,"0"))) -> 2 | AT83: =IF(AT79 = "",0,IF($C$2<(AS79+AT79)-15,2,IF($C$2<(AS79+AT79),1,"0"))) -> 2 | AV83: =IF(AV79 = "",0,IF($C$2<(AU79+AV79)-15,2,IF($C$2<(AU79+AV79),1,"0"))) -> 2 | AX83: =IF(AX79 = "",0,IF($C$2<(AW79+AX79)-15,2,IF($C$2<(AW79+AX79),1,"0"))) -> 2 | AZ83: =IF(AZ79 = "",0,IF($C$2<(AY79+AZ79)-15,2,IF($C$2<(AY79+AZ79),1,"0"))) -> 2 | BB83: =IF(BB79 = "",0,IF($C$2<(BA79+BB79)-15,2,IF($C$2<(BA79+BB79),1,"0"))) -> 0 | BD83: =IF(BD79 = "",0,IF($C$2<(BC79+BD79)-15,2,IF($C$2<(BC79+BD79),1,"0"))) -> 0 | BF83: =IF(BF79 = "",0,IF($C$2<(BE79+BF79)-15,2,IF($C$2<(BE79+BF79),1,"0"))) -> 0 | BH83: =IF(BH79 = "",0,IF($C$2<(BG79+BH79)-15,2,IF($C$2<(BG79+BH79),1,"0"))) -> 0 | BJ83: =IF(BJ79 = "",0,IF($C$2<(BI79+BJ79)-15,2,IF($C$2<(BI79+BJ79),1,"0"))) -> 0
A84: 7 | B84: Ст. льотчик | D84: 2 | E84: 1 | F84: =IF(E84=1,1.5,1) -> 1.5 | H84: Л-39 | I84: 1 | J84: =IF(OR(J86=1,J86=2),1,0) -> 0 | K84: 1 | L84: =IF(OR(L86=1,L86=2),1,0) -> 0 | M84: 1 | N84: =IF(OR(N86=1,N86=2),1,0) -> 0 | O84: 1 | P84: =IF(OR(P86=1,P86=2),1,0) -> 0 | Q84: 1 | R84: =IF(OR(R86=1,R86=2),1,0) -> 0 | S84: 1 | T84: =IF(OR(T86=1,T86=2),1,0) -> 0
C85: п/п-к Герус В.І. | I85: =IF($D84=1,I$8,IF($D84=2,I$9,I$10)) -> 92 | J85: {=MAX(IF((Main!$D$6:$D$798="ДПМУ")*(Main!$B$6:$B$798='Стан БГ'!C85)*(Main!$C$6:$C$798='Стан БГ'!H84),Main!$A$6:$A$798,0),L85,N85,P85,R85,T85,Date(2025,4,17))} -> 45764 | K85: =IF($D84=1,K$8,IF($D84=2,K$9,K$10)) -> 77 | L85: {=IF(MAX(IF((Main!$D$6:$D$798="ДСМУ")*(Main!$B$6:$B$798='Стан БГ'!C85)*(Main!$C$6:$C$798='Стан БГ'!H84),Main!$A$6:$A$798,0),N85,R85,T85)>0,MAX(IF((Main!$D$6:$D$798="ДСМУ")*(Main!$B$6:$B$798='Стан БГ'!C85)*(Main!$C$6:$C$798='Стан БГ'!H84),Main!$A$6:$A$798,0),N85,R85,T85),"")} | M85: =IF($D84=1,M$8,IF($D84=2,M$9,M$10)) -> 61 | N85: {=IF(MAX(IF((Main!$D$6:$D$798="ДВМП")*(Main!$B$6:$B$798='Стан БГ'!C85)*(Main!$C$6:$C$798='Стан БГ'!H84),Main!$A$6:$A$798,0),T85)>0,MAX(IF((Main!$D$6:$D$798="ДВМП")*(Main!$B$6:$B$798='Стан БГ'!C85)*(Main!$C$6:$C$798='Стан БГ'!H84),Main!$A$6:$A$798,0),T85),"")} | O85: =IF($D84=1,O$8,IF($D84=2,O$9,O$10)) -> 77 | P85: {=IF(MAX(IF((Main!$D$6:$D$798="НПМУ")*(Main!$B$6:$B$798='Стан БГ'!C85)*(Main!$C$6:$C$798='Стан БГ'!H84),Main!$A$6:$A$798,0),R85,T85)>0,MAX(IF((Main!$D$6:$D$798="НПМУ")*(Main!$B$6:$B$798='Стан БГ'!C85)*(Main!$C$6:$C$798='Стан БГ'!H84),Main!$A$6:$A$798,0),R85,T85),"")} | Q85: =IF($D84=1,Q$8,IF($D84=2,Q$9,Q$10)) -> 61 | R85: {=IF(MAX(IF((Main!$D$6:$D$798="НСМУ")*(Main!$B$6:$B$798='Стан БГ'!C85)*(Main!$C$6:$C$798='Стан БГ'!H84),Main!$A$6:$A$798,0),T85)>0,MAX(IF((Main!$D$6:$D$798="НСМУ")*(Main!$B$6:$B$798='Стан БГ'!C85)*(Main!$C$6:$C$798='Стан БГ'!H84),Main!$A$6:$A$798,0),T85),"")} | S85: =IF($D84=1,S$8,IF($D84=2,S$9,S$10)) -> 46 | T85: {=IF(MAX(IF((Main!$D$6:$D$798="НВМП")*(Main!$B$6:$B$798='Стан БГ'!C85)*(Main!$C$6:$C$798='Стан БГ'!H84),Main!$A$6:$A$798,0))>0,MAX(IF((Main!$D$6:$D$798="НВМП")*(Main!$B$6:$B$798='Стан БГ'!C85)*(Main!$C$6:$C$798='Стан БГ'!H84),Main!$A$6:$A$798,0)),"")} | U85: =IF($D84=1,U$8,IF($D84=2,U$9,IF($D84=3,U$10))) -> 365 | W85: =IF($D84=1,W$8,IF($D84=2,W$9,IF($D84=3,W$10))) -> 365 | X85: 45825 | Y85: =IF($D84=1,Y$8,IF($D84=2,Y$9,IF($D84=3,Y$10))) -> 365 | Z85: 45754 | AA85: =IF($D84=1,AA$8,IF($D84=2,AA$9,IF($D84=3,AA$10))) -> 365 | AB85: 45754 | AC85: =IF($D84=1,AC$8,IF($D84=2,AC$9,IF($D84=3,AC$10))) -> 365 | AD85: 45754 | AE85: =IF($D84=1,AE$8,IF($D84=2,AE$9,IF($D84=3,AE$10))) -> 365 | AF85: 45754 | AG85: =IF($D84=1,AG$8,IF($D84=2,AG$9,IF($D84=3,AG$10))) -> 365 | AH85: 45754 | AI85: =IF($D84=1,AI$8,IF($D84=2,AI$9,IF($D84=3,AI$10))) -> 365 | AJ85: 45839 | AK85: =IF($D84=1,AK$8,IF($D84=2,AK$9,IF($D84=3,AK$10))) -> 365 | AM85: =IF($D84=1,AM$8,IF($D84=2,AM$9,IF($D84=3,AM$10))) -> 365 | AN85: 45597 | AO85: =IF($D84=1,AO$8,IF($D84=2,AO$9,IF($D84=3,AO$10))) -> 184 | AP85: 45747 | AQ85: =IF($D84=1,AQ$8,IF($D84=2,AQ$9,IF($D84=3,AQ$10))) -> 365 | AR85: 45880 | AS85: =IF($D84=1,AS$8,IF($D84=2,AS$9,IF($D84=3,AS$10))) -> 365 | AT85: 45538 | AU85: =IF($D84=1,AU$8,IF($D84=2,AU$9,IF($D84=3,AU$10))) -> 1095 | AV85: Зв. | AW85: =IF($D84=1,AW$8,IF($D84=2,AW$9,IF($D84=3,AW$10))) -> 365 | AX85: {=IF(MAX(IF((ISNUMBER(SEARCH("Складний пілотаж",Main!$M$6:$M$798)))*(Main!$B$6:$B$798='Стан БГ'!C85),Main!$A$6:$A$798,0))>0,MAX(IF((ISNUMBER(SEARCH("Складний пілотаж",Main!$M$6:$M$798)))*(Main!$B$6:$B$798='Стан БГ'!C85),Main!$A$6:$A$798,0)),"24.06.2025")} -> 24.06.2025 | AY85: =IF($D84=1,AY$8,IF($D84=2,AY$9,IF($D84=3,AY$10))) -> 365 | AZ85: {=IF(MAX(IF((ISNUMBER(SEARCH("Мала висота",Main!$M$6:$M$798)))*(Main!$B$6:$B$798='Стан БГ'!C85),Main!$A$6:$A$798,0))>0,MAX(IF((ISNUMBER(SEARCH("Мала висота",Main!$M$6:$M$798)))*(Main!$B$6:$B$798='Стан БГ'!C85),Main!$A$6:$A$798,0)),"24.06.2025")} -> 24.06.2025 | BA85: =IF($D84=1,BA$8,IF($D84=2,BA$9,IF($D84=3,BA$10))) -> 122 | BB85: {=IF(MAX(IF((ISNUMBER(SEARCH("Гр. мала висота (ОНБ)",Main!$M$6:$M$798)))*(Main!$B$6:$B$798='Стан БГ'!C85),Main!$A$6:$A$798,0))>0,MAX(IF((ISNUMBER(SEARCH("Гр. мала висота (ОНБ)",Main!$M$6:$M$798)))*(Main!$B$6:$B$798='Стан БГ'!C85),Main!$A$6:$A$798,0)),"30.06.2025")} -> 30.06.2025 | BC85: =IF($D84=1,BC$8,IF($D84=2,BC$9,IF($D84=3,BC$10))) -> 184 | BD85: {=IF(MAX(IF((ISNUMBER(SEARCH("Бойове застосування",Main!$M$6:$M$798)))*(Main!$B$6:$B$798='Стан БГ'!C85),Main!$A$6:$A$798,0))>0,MAX(IF((ISNUMBER(SEARCH("Бойове застосування",Main!$M$6:$M$798)))*(Main!$B$6:$B$798='Стан БГ'!C85),Main!$A$6:$A$798,0)),"24.06.2025")} -> 24.06.2025 | BE85: =IF($D84=1,BE$8,IF($D84=2,BE$9,IF($D84=3,BE$10))) -> 184 | BF85: {=IF(MAX(IF((ISNUMBER(SEARCH("Групова злітаність",Main!$M$6:$M$798)))*(Main!$B$6:$B$798='Стан БГ'!C85),Main!$A$6:$A$798,0))>0,MAX(IF((ISNUMBER(SEARCH("Групова злітаність",Main!$M$6:$M$798)))*(Main!$B$6:$B$798='Стан БГ'!C85),Main!$A$6:$A$798,0)),"26.03.2025")} -> 26.03.2025 | BG85: =IF($D84=1,BG$8,IF($D84=2,BG$9,IF($D84=3,BG$10))) -> 365 | BH85: {=IF(MAX(IF((ISNUMBER(SEARCH("На десантування",Main!$M$6:$M$798)))*(Main!$B$6:$B$798='Стан БГ'!C85),Main!$A$6:$A$798,0))>0,MAX(IF((ISNUMBER(SEARCH("На десантування",Main!$M$6:$M$798)))*(Main!$B$6:$B$798='Стан БГ'!C85),Main!$A$6:$A$798,0)),"")} | BI85: =IF($D84=1,BI$8,IF($D84=2,BI$9,IF($D84=3,BI$10))) -> 184
I86: =IF(AND(J84=1,OR($G84="вп",$G84="вд",$G84="шп",$G84="оа")),1,0) -> 0 | J86: =IF(J85="",0,IF($C$2<(I85+J85)-15,2,IF($C$2<(I85+J85),1,"0"))) -> 0 | L86: =IF(L85="",0,IF($C$2<(K85+L85)-15,2,IF($C$2<(K85+L85),1,"0"))) -> 0 | N86: =IF(N85="",0,IF($C$2<(M85+N85)-15,2,IF($C$2<(M85+N85),1,"0"))) -> 0 | P86: =IF(P85="",0,IF($C$2<(O85+P85)-15,2,IF($C$2<(O85+P85),1,"0"))) -> 0 | R86: =IF(R85="",0,IF($C$2<(Q85+R85)-15,2,IF($C$2<(Q85+R85),1,"0"))) -> 0 | T86: =IF(T85="",0,IF($C$2<(S85+T85)-15,2,IF($C$2<(S85+T85),1,"0"))) -> 0 | AP86: =IF(AP85 = "",0,IF($C$2<(AO85+AP85)-15,2,IF($C$2<(AO85+AP85),1,"0"))) -> 0 | AR86: =IF(AR85 = "",0,IF($C$2<(AQ85+AR85)-15,2,IF($C$2<(AQ85+AR85),1,"0"))) -> 2
H87: МіГ-29 | I87: 1 | J87: =IF(OR(J89=1,J89=2),1,0) -> 0 | K87: 1 | L87: =IF(OR(L89=1,L89=2),1,0) -> 0 | M87: 1 | N87: =IF(OR(N89=1,N89=2),1,0) -> 0 | O87: 1 | P87: =IF(OR(P89=1,P89=2),1,0) -> 0 | Q87: 1 | R87: =IF(OR(R89=1,R89=2),1,0) -> 0 | S87: 1 | T87: =IF(OR(T89=1,T89=2),1,0) -> 0
I88: =I85 -> 92 | J88: {=IF(MAX(IF((Main!$D$6:$D$798="ДПМУ")*(Main!$B$6:$B$798='Стан БГ'!C85)*(Main!$C$6:$C$798='Стан БГ'!H87),Main!$A$6:$A$798,0),L88,N88,P88,R88,T88)>0,MAX(IF((Main!$D$6:$D$798="ДПМУ")*(Main!$B$6:$B$798='Стан БГ'!C85)*(Main!$C$6:$C$798='Стан БГ'!H87),Main!$A$6:$A$798,0),L88,N88,P88,R88,T88),"")} -> 45964 | K88: =K85 -> 77 | L88: {=MAX(IF((Main!$D$6:$D$798="ДСМУ")*(Main!$B$6:$B$798='Стан БГ'!C85)*(Main!$C$6:$C$798='Стан БГ'!H87),Main!$A$6:$A$798,0),N88,R88,T88,Date(2025,4,15))} -> 45961 | M88: =M85 -> 61 | N88: {=MAX(IF((Main!$D$6:$D$798="ДНВМП")*(Main!$B$6:$B$798='Стан БГ'!C85)*(Main!$C$6:$C$798='Стан БГ'!H87),Main!$A$6:$A$798,0),T88,Date(2025,4,15))} -> 45762 | O88: =O85 -> 77 | P88: {=MAX(IF((Main!$D$6:$D$798="НПМУ")*(Main!$B$6:$B$798='Стан БГ'!C85)*(Main!$C$6:$C$798='Стан БГ'!H87),Main!$A$6:$A$798,0),R88,T88,Date(2025,3,3))} -> 45719 | Q88: =Q85 -> 61 | R88: {=MAX(IF((Main!$D$6:$D$798="НСМУ")*(Main!$B$6:$B$798='Стан БГ'!C85)*(Main!$C$6:$C$798='Стан БГ'!H87),Main!$A$6:$A$798,0),T88,Date(2025,3,3))} -> 45719 | S88: =S85 -> 46 | T88: {=MAX(IF((Main!$D$6:$D$798="НВМП")*(Main!$B$6:$B$798='Стан БГ'!C85)*(Main!$C$6:$C$798='Стан БГ'!H87),Main!$A$6:$A$798,0),Date(2025,1,16))} -> 45673 | U88: =U85 -> 365 | W88: =IF($D84=1,W$8,IF($D84=2,W$9,IF($D84=3,W$10))) -> 365 | Y88: =IF($D84=1,Y$8,IF($D84=2,Y$9,IF($D84=3,Y$10))) -> 365 | AA88: =IF($D84=1,AA$8,IF($D84=2,AA$9,IF($D84=3,AA$10))) -> 365 | AC88: =IF($D84=1,AC$8,IF($D84=2,AC$9,IF($D84=3,AC$10))) -> 365 | AE88: =AE85 -> 365 | AG88: =AG85 -> 365 | AI88: =AI85 -> 365 | AK88: =AK85 -> 365 | AM88: =AM85 -> 365 | AO88: =IF($D87=1,AO$8,IF($D87=2,AO$9,IF($D87=3,AO$10))) -> FALSE | AP88: 45747 | AQ88: =IF($D87=1,AQ$8,IF($D87=2,AQ$9,IF($D87=3,AQ$10))) -> FALSE | AR88: 45699 | AS88: =IF($D87=1,AS$8,IF($D87=2,AS$9,IF($D87=3,AS$10))) -> FALSE | AU88: =IF($D87=1,AU$8,IF($D87=2,AU$9,IF($D87=3,AU$10))) -> FALSE | AW88: =IF($D84=1,AW$8,IF($D84=2,AW$9,IF($D84=3,AW$10))) -> 365 | AY88: =IF($D84=1,AY$8,IF($D84=2,AY$9,IF($D84=3,AY$10))) -> 365 | BA88: =IF($D84=1,BA$8,IF($D84=2,BA$9,IF($D84=3,BA$10))) -> 122 | BC88: =IF($D84=1,BC$8,IF($D84=2,BC$9,IF($D84=3,BC$10))) -> 184 | BE88: =BE85 -> 184 | BG88: =BG85 -> 365 | BI88: =BI85 -> 184
I89: =IF(AND(J84=1,OR($G84="вп",$G84="вд",$G84="шп",$G84="оа")),1,0) -> 0 | J89: =IF(J88="",0,IF($C$2<(I88+J88)-15,2,IF($C$2<(I88+J88),1,"0"))) -> 0 | L89: =IF(L88="",0,IF($C$2<(K88+L88)-15,2,IF($C$2<(K88+L88),1,"0"))) -> 0 | N89: =IF(N88="",0,IF($C$2<(M88+N88)-15,2,IF($C$2<(M88+N88),1,"0"))) -> 0 | P89: =IF(P88="",0,IF($C$2<(O88+P88)-15,2,IF($C$2<(O88+P88),1,"0"))) -> 0 | R89: =IF(R88="",0,IF($C$2<(Q88+R88)-15,2,IF($C$2<(Q88+R88),1,"0"))) -> 0 | T89: =IF(T88="",0,IF($C$2<(S88+T88)-15,2,IF($C$2<(S88+T88),1,"0"))) -> 0 | V89: =IF(V85 = "",0,IF($C$2<(U85+V85)-15,2,IF($C$2<(U85+V85),1,"0"))) -> 0 | X89: =IF(X85 = "",0,IF($C$2<(W85+X85)-15,2,IF($C$2<(W85+X85),1,"0"))) -> 2 | Z89: =IF(Z85 = "",0,IF($C$2<(Y85+Z85)-15,2,IF($C$2<(Y85+Z85),1,"0"))) -> 2 | AB89: =IF(AB85 = "",0,IF($C$2<(AA85+AB85)-15,2,IF($C$2<(AA85+AB85),1,"0"))) -> 2 | AD89: =IF(AD85 = "",0,IF($C$2<(AC85+AD85)-15,2,IF($C$2<(AC85+AD85),1,"0"))) -> 2 | AF89: =IF(AF85 = "",0,IF($C$2<(AE85+AF85)-15,2,IF($C$2<(AE85+AF85),1,"0"))) -> 2 | AH89: =IF(AH85 = "",0,IF($C$2<(AG85+AH85)-15,2,IF($C$2<(AG85+AH85),1,"0"))) -> 2 | AJ89: =IF(AJ85 = "",0,IF($C$2<(AI85+AJ85)-15,2,IF($C$2<(AI85+AJ85),1,"0"))) -> 2 | AL89: =IF(AL85 = "",0,IF($C$2<(AK85+AL85)-15,2,IF($C$2<(AK85+AL85),1,"0"))) -> 0 | AN89: =IF(AN85 = "",0,IF($C$2<(AM85+AN85)-15,2,IF($C$2<(AM85+AN85),1,"0"))) -> 0 | AP89: =IF(AP88 = "",0,IF($C$2<(AO85+AP88)-15,2,IF($C$2<(AO85+AP88),1,"0"))) -> 0 | AR89: =IF(AR88 = "",0,IF($C$2<(AQ85+AR88)-15,2,IF($C$2<(AQ85+AR88),1,"0"))) -> 1 | AT89: =IF(AT85 = "",0,IF($C$2<(AS85+AT85)-15,2,IF($C$2<(AS85+AT85),1,"0"))) -> 0 | AV89: =IF(AV85 = "",0,IF($C$2<(AU85+AV85)-15,2,IF($C$2<(AU85+AV85),1,"0"))) -> #VALUE! | AX89: =IF(AX85 = "",0,IF($C$2<(AW85+AX85)-15,2,IF($C$2<(AW85+AX85),1,"0"))) -> 2 | AZ89: =IF(AZ85 = "",0,IF($C$2<(AY85+AZ85)-15,2,IF($C$2<(AY85+AZ85),1,"0"))) -> 2 | BB89: =IF(BB85 = "",0,IF($C$2<(BA85+BB85)-15,2,IF($C$2<(BA85+BB85),1,"0"))) -> 0 | BD89: =IF(BD85 = "",0,IF($C$2<(BC85+BD85)-15,2,IF($C$2<(BC85+BD85),1,"0"))) -> 0 | BF89: =IF(BF85 = "",0,IF($C$2<(BE85+BF85)-15,2,IF($C$2<(BE85+BF85),1,"0"))) -> 0 | BH89: =IF(BH85 = "",0,IF($C$2<(BG85+BH85)-15,2,IF($C$2<(BG85+BH85),1,"0"))) -> 0 | BJ89: =IF(BJ85 = "",0,IF($C$2<(BI85+BJ85)-15,2,IF($C$2<(BI85+BJ85),1,"0"))) -> 0
A90: 8 | B90: Ст. штурман | D90: 2 | E90: 1 | F90: =IF(E90=1,1.5,1) -> 1.5 | H90: Ми-8 | I90: 1 | J90: =IF(OR(J92=1,J92=2),1,0) -> 0 | K90: 1 | L90: =IF(OR(L92=1,L92=2),1,0) -> 0 | M90: 1 | N90: =IF(OR(N92=1,N92=2),1,0) -> 0 | O90: 1 | P90: =IF(OR(P92=1,P92=2),1,0) -> 0 | Q90: 1 | R90: =IF(OR(R92=1,R92=2),1,0) -> 0 | S90: 1 | T90: =IF(OR(T92=1,T92=2),1,0) -> 0
C91: п/п-к Черната С.С. | I91: =IF($D90=1,I$8,IF($D90=2,I$9,I$10)) -> 92 | J91: {=MAX(IF((Main!$D$6:$D$798="ДПМУ")*(Main!$B$6:$B$798='Стан БГ'!C91)*(Main!$C$6:$C$798='Стан БГ'!H90),Main!$A$6:$A$798,0),L91,N91,P91,R91,T91,Date(2025,3,28))} -> 45744 | K91: =IF($D90=1,K$8,IF($D90=2,K$9,K$10)) -> 77 | L91: {=MAX(IF((Main!$D$6:$D$798="ДСМУ")*(Main!$B$6:$B$798='Стан БГ'!C91)*(Main!$C$6:$C$798='Стан БГ'!H90),Main!$A$6:$A$798,0),N91,R91,T91,Date(2025,2,4))} -> 45692 | M91: =IF($D90=1,M$8,IF($D90=2,M$9,M$10)) -> 61 | N91: {=IF(MAX(IF((Main!$D$6:$D$798="ДВМП")*(Main!$B$6:$B$798='Стан БГ'!C91)*(Main!$C$6:$C$798='Стан БГ'!H90),Main!$A$6:$A$798,0),T91,)>0,MAX(IF((Main!$D$6:$D$798="ДВМП")*(Main!$B$6:$B$798='Стан БГ'!C91)*(Main!$C$6:$C$798='Стан БГ'!H90),Main!$A$6:$A$798,0),T91),"")} | O91: =IF($D90=1,O$8,IF($D90=2,O$9,O$10)) -> 77 | P91: {=MAX(IF((Main!$D$6:$D$798="НПМУ")*(Main!$B$6:$B$798='Стан БГ'!C91)*(Main!$C$6:$C$798='Стан БГ'!H90),Main!$A$6:$A$798,0),R91,T91,Date(2025,2,22))} -> 45710 | Q91: =IF($D90=1,Q$8,IF($D90=2,Q$9,Q$10)) -> 61 | R91: {=IF(MAX(IF((Main!$D$6:$D$798="НСМУ")*(Main!$B$6:$B$798='Стан БГ'!C91)*(Main!$C$6:$C$798='Стан БГ'!H90),Main!$A$6:$A$798,0),T91)>0,MAX(IF((Main!$D$6:$D$798="НСМУ")*(Main!$B$6:$B$798='Стан БГ'!C91)*(Main!$C$6:$C$798='Стан БГ'!H90),Main!$A$6:$A$798,0),T91),"")} | S91: =IF($D90=1,S$8,IF($D90=2,S$9,S$10)) -> 46 | T91: {=IF(MAX(IF((Main!$D$6:$D$798="НВМП")*(Main!$B$6:$B$798='Стан БГ'!C91)*(Main!$C$6:$C$798='Стан БГ'!H90),Main!$A$6:$A$798,0))>0,MAX(IF((Main!$D$6:$D$798="НВМП")*(Main!$B$6:$B$798='Стан БГ'!C91)*(Main!$C$6:$C$798='Стан БГ'!H90),Main!$A$6:$A$798,"")),"")} | U91: =IF($D90=1,U$8,IF($D90=2,U$9,IF($D90=3,U$10))) -> 365 | V91: 45773 | W91: =IF($D90=1,W$8,IF($D90=2,W$9,IF($D90=3,W$10))) -> 365 | X91: 45744 | Y91: =IF($D90=1,Y$8,IF($D90=2,Y$9,IF($D90=3,Y$10))) -> 365 | AA91: =IF($D90=1,AA$8,IF($D90=2,AA$9,IF($D90=3,AA$10))) -> 365 | AC91: =IF($D90=1,AC$8,IF($D90=2,AC$9,IF($D90=3,AC$10))) -> 365 | AE91: =IF($D90=1,AE$8,IF($D90=2,AE$9,IF($D90=3,AE$10))) -> 365 | AF91: 45693 | AG91: =IF($D90=1,AG$8,IF($D90=2,AG$9,IF($D90=3,AG$10))) -> 365 | AH91: 45849 | AI91: =IF($D90=1,AI$8,IF($D90=2,AI$9,IF($D90=3,AI$10))) -> 365 | AJ91: 45733 | AK91: =IF($D90=1,AK$8,IF($D90=2,AK$9,IF($D90=3,AK$10))) -> 365 | AM91: =IF($D90=1,AM$8,IF($D90=2,AM$9,IF($D90=3,AM$10))) -> 365 | AN91: 45650 | AO91: =IF($D90=1,AO$8,IF($D90=2,AO$9,IF($D90=3,AO$10))) -> 184 | AP91: 45761 | AQ91: =IF($D90=1,AQ$8,IF($D90=2,AQ$9,IF($D90=3,AQ$10))) -> 365 | AR91: 45553 | AS91: =IF($D90=1,AS$8,IF($D90=2,AS$9,IF($D90=3,AS$10))) -> 365 | AT91: 45533 | AU91: =IF($D90=1,AU$8,IF($D90=2,AU$9,IF($D90=3,AU$10))) -> 1095 | AV91: 45818 | AW91: =IF($D90=1,AW$8,IF($D90=2,AW$9,IF($D90=3,AW$10))) -> 365 | AX91: {=IF(MAX(IF((ISNUMBER(SEARCH("Складний пілотаж",Main!$M$6:$M$798)))*(Main!$B$6:$B$798='Стан БГ'!C91),Main!$A$6:$A$798,0))>0,MAX(IF((ISNUMBER(SEARCH("Складний пілотаж",Main!$M$6:$M$798)))*(Main!$B$6:$B$798='Стан БГ'!C91),Main!$A$6:$A$798,0)),"")} | AY91: =IF($D90=1,AY$8,IF($D90=2,AY$9,IF($D90=3,AY$10))) -> 365 | AZ91: {=IF(MAX(IF((ISNUMBER(SEARCH("Мала висота",Main!$M$6:$M$798)))*(Main!$B$6:$B$798='Стан БГ'!C91),Main!$A$6:$A$798,0))>0,MAX(IF((ISNUMBER(SEARCH("Мала висота",Main!$M$6:$M$798)))*(Main!$B$6:$B$798='Стан БГ'!C91),Main!$A$6:$A$798,0)),"")} | BA91: =IF($D90=1,BA$8,IF($D90=2,BA$9,IF($D90=3,BA$10))) -> 122 | BB91: {=IF(MAX(IF((ISNUMBER(SEARCH("Гр. мала висота (ОНБ)",Main!$M$6:$M$798)))*(Main!$B$6:$B$798='Стан БГ'!C91),Main!$A$6:$A$798,0))>0,MAX(IF((ISNUMBER(SEARCH("Гр. мала висота (ОНБ)",Main!$M$6:$M$798)))*(Main!$B$6:$B$798='Стан БГ'!C91),Main!$A$6:$A$798,0)),"")} | BC91: =IF($D90=1,BC$8,IF($D90=2,BC$9,IF($D90=3,BC$10))) -> 184 | BD91: {=IF(MAX(IF((ISNUMBER(SEARCH("Бойове застосування",Main!$M$6:$M$798)))*(Main!$B$6:$B$798='Стан БГ'!C91),Main!$A$6:$A$798,0))>0,MAX(IF((ISNUMBER(SEARCH("Бойове застосування",Main!$M$6:$M$798)))*(Main!$B$6:$B$798='Стан БГ'!C91),Main!$A$6:$A$798,0)),"")} | BE91: =IF($D90=1,BE$8,IF($D90=2,BE$9,IF($D90=3,BE$10))) -> 184 | BF91: {=IF(MAX(IF((ISNUMBER(SEARCH("Групова злітаність",Main!$M$6:$M$798)))*(Main!$B$6:$B$798='Стан БГ'!C91),Main!$A$6:$A$798,0))>0,MAX(IF((ISNUMBER(SEARCH("Групова злітаність",Main!$M$6:$M$798)))*(Main!$B$6:$B$798='Стан БГ'!C91),Main!$A$6:$A$798,0)),"")} | BG91: =IF($D90=1,BG$8,IF($D90=2,BG$9,IF($D90=3,BG$10))) -> 365 | BH91: {=IF(MAX(IF((ISNUMBER(SEARCH("На десантування",Main!$M$6:$M$798)))*(Main!$B$6:$B$798='Стан БГ'!C91),Main!$A$6:$A$798,0))>0,MAX(IF((ISNUMBER(SEARCH("На десантування",Main!$M$6:$M$798)))*(Main!$B$6:$B$798='Стан БГ'!C91),Main!$A$6:$A$798,0)),"")} | BI91: =IF($D90=1,BI$8,IF($D90=2,BI$9,IF($D90=3,BI$10))) -> 184
I92: =IF(AND(J90=1,OR($G90="вп",$G90="вд",$G90="шп",$G90="оа")),1,0) -> 0 | J92: =IF(J91="",0,IF($C$2<(I91+J91)-15,2,IF($C$2<(I91+J91),1,"0"))) -> 0 | L92: =IF(L91="",0,IF($C$2<(K91+L91)-15,2,IF($C$2<(K91+L91),1,"0"))) -> 0 | N92: =IF(N91="",0,IF($C$2<(M91+N91)-15,2,IF($C$2<(M91+N91),1,"0"))) -> 0 | P92: =IF(P91="",0,IF($C$2<(O91+P91)-15,2,IF($C$2<(O91+P91),1,"0"))) -> 0 | R92: =IF(R91="",0,IF($C$2<(Q91+R91)-15,2,IF($C$2<(Q91+R91),1,"0"))) -> 0 | T92: =IF(T91="",0,IF($C$2<(S91+T91)-15,2,IF($C$2<(S91+T91),1,"0"))) -> 0 | AP92: =IF(AP91 = "",0,IF($C$2<(AO91+AP91)-15,2,IF($C$2<(AO91+AP91),1,"0"))) -> 0 | AR92: =IF(AR91 = "",0,IF($C$2<(AQ91+AR91)-15,2,IF($C$2<(AQ91+AR91),1,"0"))) -> 0
H93: Су-24 | I93: 1 | J93: =IF(OR(J95=1,J95=2),1,0) -> 0 | K93: 1 | L93: =IF(OR(L95=1,L95=2),1,0) -> 0 | M93: 1 | N93: =IF(OR(N95=1,N95=2),1,0) -> 0 | O93: 1 | P93: =IF(OR(P95=1,P95=2),1,0) -> 0 | Q93: 1 | R93: =IF(OR(R95=1,R95=2),1,0) -> 0 | S93: 1 | T93: =IF(OR(T95=1,T95=2),1,0) -> 0
I94: =I91 -> 92 | J94: {=MAX(IF((Main!$D$6:$D$798="ДПМУ")*(Main!$B$6:$B$798='Стан БГ'!C91)*(Main!$C$6:$C$798='Стан БГ'!H93),Main!$A$6:$A$798,0),L94,N94,P94,R94,T94,Date(2025,7,11))} -> 45849 | K94: =K91 -> 77 | L94: {=IF(MAX(IF((Main!$D$6:$D$798="ДСМУ")*(Main!$B$6:$B$798='Стан БГ'!C91)*(Main!$C$6:$C$798='Стан БГ'!H93),Main!$A$6:$A$798,0),N94,R94,T94)>0,MAX(IF((Main!$D$6:$D$798="ДСМУ")*(Main!$B$6:$B$798='Стан БГ'!C91)*(Main!$C$6:$C$798='Стан БГ'!H93),Main!$A$6:$A$798,0),N94,R94,T94),"")} | M94: =M91 -> 61 | N94: {=IF(MAX(IF((Main!$D$6:$D$798="ДВМП")*(Main!$B$6:$B$798='Стан БГ'!C91)*(Main!$C$6:$C$798='Стан БГ'!H93),Main!$A$6:$A$798,0),T94)>0,MAX(IF((Main!$D$6:$D$798="ДВМП")*(Main!$B$6:$B$798='Стан БГ'!C91)*(Main!$C$6:$C$798='Стан БГ'!H93),Main!$A$6:$A$798,0),T94),"")} | O94: =O91 -> 77 | P94: {=MAX(IF((Main!$D$6:$D$798="НПМУ")*(Main!$B$6:$B$798='Стан БГ'!C91)*(Main!$C$6:$C$798='Стан БГ'!H93),Main!$A$6:$A$798,0),R94,T94,Date(2025,4,17))} -> 45764 | Q94: =Q91 -> 61 | R94: {=IF(MAX(IF((Main!$D$6:$D$798="НСМУ")*(Main!$B$6:$B$798='Стан БГ'!C91)*(Main!$C$6:$C$798='Стан БГ'!H93),Main!$A$6:$A$798,0),T94)>0,MAX(IF((Main!$D$6:$D$798="НСМУ")*(Main!$B$6:$B$798='Стан БГ'!C91)*(Main!$C$6:$C$798='Стан БГ'!H93),Main!$A$6:$A$798,0),T94),"")} | S94: =S91 -> 46 | T94: {=IF(MAX(IF((Main!$D$6:$D$798="НВМП")*(Main!$B$6:$B$798='Стан БГ'!C91)*(Main!$C$6:$C$798='Стан БГ'!H93),Main!$A$6:$A$798,0))>0,MAX(IF((Main!$D$6:$D$798="НВМП")*(Main!$B$6:$B$798='Стан БГ'!C91)*(Main!$C$6:$C$798='Стан БГ'!H93),Main!$A$6:$A$798,0)),"")} | U94: =U91 -> 365 | W94: =IF($D90=1,W$8,IF($D90=2,W$9,IF($D90=3,W$10))) -> 365 | Y94: =IF($D90=1,Y$8,IF($D90=2,Y$9,IF($D90=3,Y$10))) -> 365 | AA94: =IF($D90=1,AA$8,IF($D90=2,AA$9,IF($D90=3,AA$10))) -> 365 | AC94: =IF($D90=1,AC$8,IF($D90=2,AC$9,IF($D90=3,AC$10))) -> 365 | AE94: =AE91 -> 365 | AG94: =AG91 -> 365 | AI94: =AI91 -> 365 | AK94: =AK91 -> 365 | AM94: =AM91 -> 365 | AO94: =IF($D93=1,AO$8,IF($D93=2,AO$9,IF($D93=3,AO$10))) -> FALSE | AP94: 45761 | AQ94: =IF($D93=1,AQ$8,IF($D93=2,AQ$9,IF($D93=3,AQ$10))) -> FALSE | AR94: 45731 | AS94: =IF($D93=1,AS$8,IF($D93=2,AS$9,IF($D93=3,AS$10))) -> FALSE | AU94: =IF($D93=1,AU$8,IF($D93=2,AU$9,IF($D93=3,AU$10))) -> FALSE | AW94: =IF($D90=1,AW$8,IF($D90=2,AW$9,IF($D90=3,AW$10))) -> 365 | AY94: =IF($D90=1,AY$8,IF($D90=2,AY$9,IF($D90=3,AY$10))) -> 365 | BA94: =IF($D90=1,BA$8,IF($D90=2,BA$9,IF($D90=3,BA$10))) -> 122 | BC94: =IF($D90=1,BC$8,IF($D90=2,BC$9,IF($D90=3,BC$10))) -> 184 | BE94: =BE91 -> 184 | BG94: =BG91 -> 365 | BI94: =BI91 -> 184
I95: =IF(AND(J90=1,OR($G90="вп",$G90="вд",$G90="шп",$G90="оа")),1,0) -> 0 | J95: =IF(J94="",0,IF($C$2<(I94+J94)-15,2,IF($C$2<(I94+J94),1,"0"))) -> 0 | L95: =IF(L94="",0,IF($C$2<(K94+L94)-15,2,IF($C$2<(K94+L94),1,"0"))) -> 0 | N95: =IF(N94="",0,IF($C$2<(M94+N94)-15,2,IF($C$2<(M94+N94),1,"0"))) -> 0 | P95: =IF(P94="",0,IF($C$2<(O94+P94)-15,2,IF($C$2<(O94+P94),1,"0"))) -> 0 | R95: =IF(R94="",0,IF($C$2<(Q94+R94)-15,2,IF($C$2<(Q94+R94),1,"0"))) -> 0 | T95: =IF(T94="",0,IF($C$2<(S94+T94)-15,2,IF($C$2<(S94+T94),1,"0"))) -> 0 | V95: =IF(V91 = "",0,IF($C$2<(U91+V91)-15,2,IF($C$2<(U91+V91),1,"0"))) -> 2 | X95: =IF(X91 = "",0,IF($C$2<(W91+X91)-15,2,IF($C$2<(W91+X91),1,"0"))) -> 2 | Z95: =IF(Z91 = "",0,IF($C$2<(Y91+Z91)-15,2,IF($C$2<(Y91+Z91),1,"0"))) -> 0 | AB95: =IF(AB91 = "",0,IF($C$2<(AA91+AB91)-15,2,IF($C$2<(AA91+AB91),1,"0"))) -> 0 | AD95: =IF(AD91 = "",0,IF($C$2<(AC91+AD91)-15,2,IF($C$2<(AC91+AD91),1,"0"))) -> 0 | AF95: =IF(AF91 = "",0,IF($C$2<(AE91+AF91)-15,2,IF($C$2<(AE91+AF91),1,"0"))) -> 0 | AH95: =IF(AH91 = "",0,IF($C$2<(AG91+AH91)-15,2,IF($C$2<(AG91+AH91),1,"0"))) -> 2 | AJ95: =IF(AJ91 = "",0,IF($C$2<(AI91+AJ91)-15,2,IF($C$2<(AI91+AJ91),1,"0"))) -> 2 | AL95: =IF(AL91 = "",0,IF($C$2<(AK91+AL91)-15,2,IF($C$2<(AK91+AL91),1,"0"))) -> 0 | AN95: =IF(AN91 = "",0,IF($C$2<(AM91+AN91)-15,2,IF($C$2<(AM91+AN91),1,"0"))) -> 0 | AP95: =IF(AP94 = "",0,IF($C$2<(AO91+AP94)-15,2,IF($C$2<(AO91+AP94),1,"0"))) -> 0 | AR95: =IF(AR94 = "",0,IF($C$2<(AQ91+AR94)-15,2,IF($C$2<(AQ91+AR94),1,"0"))) -> 2 | AT95: =IF(AT91 = "",0,IF($C$2<(AS91+AT91)-15,2,IF($C$2<(AS91+AT91),1,"0"))) -> 0 | AV95: =IF(AV91 = "",0,IF($C$2<(AU91+AV91)-15,2,IF($C$2<(AU91+AV91),1,"0"))) -> 2 | AX95: =IF(AX91 = "",0,IF($C$2<(AW91+AX91)-15,2,IF($C$2<(AW91+AX91),1,"0"))) -> 0 | AZ95: =IF(AZ91 = "",0,IF($C$2<(AY91+AZ91)-15,2,IF($C$2<(AY91+AZ91),1,"0"))) -> 0 | BB95: =IF(BB91 = "",0,IF($C$2<(BA91+BB91)-15,2,IF($C$2<(BA91+BB91),1,"0"))) -> 0 | BD95: =IF(BD91 = "",0,IF($C$2<(BC91+BD91)-15,2,IF($C$2<(BC91+BD91),1,"0"))) -> 0 | BF95: =IF(BF91 = "",0,IF($C$2<(BE91+BF91)-15,2,IF($C$2<(BE91+BF91),1,"0"))) -> 0 | BH95: =IF(BH91 = "",0,IF($C$2<(BG91+BH91)-15,2,IF($C$2<(BG91+BH91),1,"0"))) -> 0 | BJ95: =IF(BJ91 = "",0,IF($C$2<(BI91+BJ91)-15,2,IF($C$2<(BI91+BJ91),1,"0"))) -> 0
A96: 9 | B96: Ст. борт. Технік | D96: 3 | E96: 1 | F96: 3 | H96: Ми-8 | I96: 1 | J96: =IF(OR(J98=1,J98=2),1,0) -> 0 | K96: 1 | L96: =IF(OR(L98=1,L98=2),1,0) -> 0 | M96: 1 | N96: =IF(OR(N98=1,N98=2),1,0) -> 0 | O96: 1 | P96: =IF(OR(P98=1,P98=2),1,0) -> 0 | Q96: 1 | R96: =IF(OR(R98=1,R98=2),1,0) -> 0 | S96: 1 | T96: =IF(OR(T98=1,T98=2),1,0) -> 0
C97: м-р Апляс Д.А. | I97: =IF($D96=1,I$8,IF($D96=2,I$9,I$10)) -> 76 | J97: {=MAX(IF((Main!$D$6:$D$798="ДПМУ")*(Main!$B$6:$B$798='Стан БГ'!C97)*(Main!$C$6:$C$798='Стан БГ'!H96),Main!$A$6:$A$798,0),L97,N97,P97,R97,T97,Date(2025,7,10))} -> 45848 | K97: =IF($D96=1,K$8,IF($D96=2,K$9,K$10)) -> 61 | L97: {=IF(MAX(IF((Main!$D$6:$D$798="ДСМУ")*(Main!$B$6:$B$798='Стан БГ'!C97)*(Main!$C$6:$C$798='Стан БГ'!H96),Main!$A$6:$A$798,0),N97,R97,T97)>0,MAX(IF((Main!$D$6:$D$798="ДСМУ")*(Main!$B$6:$B$798='Стан БГ'!C97)*(Main!$C$6:$C$798='Стан БГ'!H96),Main!$A$6:$A$798,0),N97,R97,T97),"")} | M97: =IF($D96=1,M$8,IF($D96=2,M$9,M$10)) -> 46 | N97: {=IF(MAX(IF((Main!$D$6:$D$798="ДВМП")*(Main!$B$6:$B$798='Стан БГ'!C97)*(Main!$C$6:$C$798='Стан БГ'!H96),Main!$A$6:$A$798,0),T97)>0,MAX(IF((Main!$D$6:$D$798="ДВМП")*(Main!$B$6:$B$798='Стан БГ'!C97)*(Main!$C$6:$C$798='Стан БГ'!H96),Main!$A$6:$A$798,0),T97),"")} | O97: =IF($D96=1,O$8,IF($D96=2,O$9,O$10)) -> 61 | P97: {=MAX(IF((Main!$D$6:$D$798="НПМУ")*(Main!$B$6:$B$798='Стан БГ'!C97)*(Main!$C$6:$C$798='Стан БГ'!H96),Main!$A$6:$A$798,0),R97,T97,Date(2025,4,17))} -> 45764 | Q97: =IF($D96=1,Q$8,IF($D96=2,Q$9,Q$10)) -> 46 | R97: {=IF(MAX(IF((Main!$D$6:$D$798="НСМУ")*(Main!$B$6:$B$798='Стан БГ'!C97)*(Main!$C$6:$C$798='Стан БГ'!H96),Main!$A$6:$A$798,0),T97)>0,MAX(IF((Main!$D$6:$D$798="НСМУ")*(Main!$B$6:$B$798='Стан БГ'!C97)*(Main!$C$6:$C$798='Стан БГ'!H96),Main!$A$6:$A$798,0),T97),"")} | S97: =IF($D96=1,S$8,IF($D96=2,S$9,S$10)) -> 30 | T97: {=IF(MAX(IF((Main!$D$6:$D$798="НВМП")*(Main!$B$6:$B$798='Стан БГ'!C97)*(Main!$C$6:$C$798='Стан БГ'!H96),Main!$A$6:$A$798,0))>0,MAX(IF((Main!$D$6:$D$798="НВМП")*(Main!$B$6:$B$798='Стан БГ'!C97)*(Main!$C$6:$C$798='Стан БГ'!H96),Main!$A$6:$A$798,0)),"")} | U97: =IF($D96=1,U$8,IF($D96=2,U$9,IF($D96=3,U$10))) -> 365 | V97: 45324 | W97: =IF($D96=1,W$8,IF($D96=2,W$9,IF($D96=3,W$10))) -> 365 | Y97: =IF($D96=1,Y$8,IF($D96=2,Y$9,IF($D96=3,Y$10))) -> 365 | AA97: =IF($D96=1,AA$8,IF($D96=2,AA$9,IF($D96=3,AA$10))) -> 365 | AC97: =IF($D96=1,AC$8,IF($D96=2,AC$9,IF($D96=3,AC$10))) -> 365 | AE97: =IF($D96=1,AE$8,IF($D96=2,AE$9,IF($D96=3,AE$10))) -> 365 | AG97: =IF($D96=1,AG$8,IF($D96=2,AG$9,IF($D96=3,AG$10))) -> 365 | AI97: =IF($D96=1,AI$8,IF($D96=2,AI$9,IF($D96=3,AI$10))) -> 365 | AK97: =IF($D96=1,AK$8,IF($D96=2,AK$9,IF($D96=3,AK$10))) -> 365 | AL97: 45733 | AM97: =IF($D96=1,AM$8,IF($D96=2,AM$9,IF($D96=3,AM$10))) -> 365 | AN97: 45653 | AO97: =IF($D96=1,AO$8,IF($D96=2,AO$9,IF($D96=3,AO$10))) -> 184 | AP97: 45737 | AQ97: =IF($D96=1,AQ$8,IF($D96=2,AQ$9,IF($D96=3,AQ$10))) -> 365 | AR97: 45855 | AS97: =IF($D96=1,AS$8,IF($D96=2,AS$9,IF($D96=3,AS$10))) -> 365 | AT97: 45757 | AU97: =IF($D96=1,AU$8,IF($D96=2,AU$9,IF($D96=3,AU$10))) -> 1095 | AV97: Зв. | AW97: =IF($D96=1,AW$8,IF($D96=2,AW$9,IF($D96=3,AW$10))) -> 365 | AX97: {=IF(MAX(IF((ISNUMBER(SEARCH("Складний пілотаж",Main!$M$6:$M$798)))*(Main!$B$6:$B$798='Стан БГ'!C97),Main!$A$6:$A$798,0))>0,MAX(IF((ISNUMBER(SEARCH("Складний пілотаж",Main!$M$6:$M$798)))*(Main!$B$6:$B$798='Стан БГ'!C97),Main!$A$6:$A$798,0)),"")} | AY97: =IF($D96=1,AY$8,IF($D96=2,AY$9,IF($D96=3,AY$10))) -> 365 | AZ97: {=IF(MAX(IF((ISNUMBER(SEARCH("Мала висота",Main!$M$6:$M$798)))*(Main!$B$6:$B$798='Стан БГ'!C97),Main!$A$6:$A$798,0))>0,MAX(IF((ISNUMBER(SEARCH("Мала висота",Main!$M$6:$M$798)))*(Main!$B$6:$B$798='Стан БГ'!C97),Main!$A$6:$A$798,0)),"")} | BA97: =IF($D96=1,BA$8,IF($D96=2,BA$9,IF($D96=3,BA$10))) -> 122 | BB97: {=IF(MAX(IF((ISNUMBER(SEARCH("Гр. мала висота (ОНБ)",Main!$M$6:$M$798)))*(Main!$B$6:$B$798='Стан БГ'!C97),Main!$A$6:$A$798,0))>0,MAX(IF((ISNUMBER(SEARCH("Гр. мала висота (ОНБ)",Main!$M$6:$M$798)))*(Main!$B$6:$B$798='Стан БГ'!C97),Main!$A$6:$A$798,0)),"")} | BC97: =IF($D96=1,BC$8,IF($D96=2,BC$9,IF($D96=3,BC$10))) -> 184 | BD97: {=IF(MAX(IF((ISNUMBER(SEARCH("Бойове застосування",Main!$M$6:$M$798)))*(Main!$B$6:$B$798='Стан БГ'!C97),Main!$A$6:$A$798,0))>0,MAX(IF((ISNUMBER(SEARCH("Бойове застосування",Main!$M$6:$M$798)))*(Main!$B$6:$B$798='Стан БГ'!C97),Main!$A$6:$A$798,0)),"")} | BE97: =IF($D96=1,BE$8,IF($D96=2,BE$9,IF($D96=3,BE$10))) -> 184 | BF97: {=IF(MAX(IF((ISNUMBER(SEARCH("Групова злітаність",Main!$M$6:$M$798)))*(Main!$B$6:$B$798='Стан БГ'!C97),Main!$A$6:$A$798,0))>0,MAX(IF((ISNUMBER(SEARCH("Групова злітаність",Main!$M$6:$M$798)))*(Main!$B$6:$B$798='Стан БГ'!C97),Main!$A$6:$A$798,0)),"")} | BG97: =IF($D96=1,BG$8,IF($D96=2,BG$9,IF($D96=3,BG$10))) -> 365 | BH97: {=IF(MAX(IF((ISNUMBER(SEARCH("На десантування",Main!$M$6:$M$798)))*(Main!$B$6:$B$798='Стан БГ'!C97),Main!$A$6:$A$798,0))>0,MAX(IF((ISNUMBER(SEARCH("На десантування",Main!$M$6:$M$798)))*(Main!$B$6:$B$798='Стан БГ'!C97),Main!$A$6:$A$798,0)),"")} | BI97: =IF($D96=1,BI$8,IF($D96=2,BI$9,IF($D96=3,BI$10))) -> 184
I98: =IF(AND(J96=1,OR($G96="вп",$G96="вд",$G96="шп",$G96="оа")),1,0) -> 0 | J98: =IF(J97="",0,IF($C$2<(I97+J97)-15,2,IF($C$2<(I97+J97),1,"0"))) -> 0 | L98: =IF(L97="",0,IF($C$2<(K97+L97)-15,2,IF($C$2<(K97+L97),1,"0"))) -> 0 | N98: =IF(N97="",0,IF($C$2<(M97+N97)-15,2,IF($C$2<(M97+N97),1,"0"))) -> 0 | P98: =IF(P97="",0,IF($C$2<(O97+P97)-15,2,IF($C$2<(O97+P97),1,"0"))) -> 0 | R98: =IF(R97="",0,IF($C$2<(Q97+R97)-15,2,IF($C$2<(Q97+R97),1,"0"))) -> 0 | T98: =IF(T97="",0,IF($C$2<(S97+T97)-15,2,IF($C$2<(S97+T97),1,"0"))) -> 0 | AP98: =IF(AP97 = "",0,IF($C$2<(AO97+AP97)-15,2,IF($C$2<(AO97+AP97),1,"0"))) -> 0 | AR98: =IF(AR97 = "",0,IF($C$2<(AQ97+AR97)-15,2,IF($C$2<(AQ97+AR97),1,"0"))) -> 2
H99: Ми-24 | I99: 1 | J99: =IF(OR(J101=1,J101=2),1,0) -> 0 | K99: 1 | L99: =IF(OR(L101=1,L101=2),1,0) -> 0 | M99: 1 | N99: =IF(OR(N101=1,N101=2),1,0) -> 0 | O99: 1 | P99: =IF(OR(P101=1,P101=2),1,0) -> 0 | Q99: 1 | R99: =IF(OR(R101=1,R101=2),1,0) -> 0 | S99: 1 | T99: =IF(OR(T101=1,T101=2),1,0) -> 0
I100: =I97 -> 76 | J100: {=IF(MAX(IF((Main!$D$6:$D$798="ДПМУ")*(Main!$B$6:$B$798='Стан БГ'!C97)*(Main!$C$6:$C$798='Стан БГ'!H99),Main!$A$6:$A$798,0),L100,N100,P100,R100,T100,Date(2025,2,25))>0,MAX(IF((Main!$D$6:$D$798="ДПМУ")*(Main!$B$6:$B$798='Стан БГ'!C97)*(Main!$C$6:$C$798='Стан БГ'!H99),Main!$A$6:$A$798,0),,L100,N100,P100,R100,T100,Date(2025,2,25)),"")} -> 45713 | K100: =K97 -> 61 | L100: {=IF(MAX(IF((Main!$D$6:$D$798="ДСМУ")*(Main!$B$6:$B$798='Стан БГ'!C97)*(Main!$C$6:$C$798='Стан БГ'!H99),Main!$A$6:$A$798,0),N100,R100,T100)>0,MAX(IF((Main!$D$6:$D$798="ДСМУ")*(Main!$B$6:$B$798='Стан БГ'!C97)*(Main!$C$6:$C$798='Стан БГ'!H99),Main!$A$6:$A$798,0),N100,R100,T100),"")} | M100: =M97 -> 46 | N100: {=IF(MAX(IF((Main!$D$6:$D$798="ДВМП")*(Main!$B$6:$B$798='Стан БГ'!C97)*(Main!$C$6:$C$798='Стан БГ'!H99),Main!$A$6:$A$798,0),T100)>0,MAX(IF((Main!$D$6:$D$798="ДВМП")*(Main!$B$6:$B$798='Стан БГ'!C97)*(Main!$C$6:$C$798='Стан БГ'!H99),Main!$A$6:$A$798,0),T100),"")} | O100: =O97 -> 61 | P100: {=IF(MAX(IF((Main!$D$6:$D$798="НПМУ")*(Main!$B$6:$B$798='Стан БГ'!C97)*(Main!$C$6:$C$798='Стан БГ'!H99),Main!$A$6:$A$798,0),R100,T100)>0,MAX(IF((Main!$D$6:$D$798="НПМУ")*(Main!$B$6:$B$798='Стан БГ'!C97)*(Main!$C$6:$C$798='Стан БГ'!H99),Main!$A$6:$A$798,0),R100,T100),"")} | Q100: =Q97 -> 46 | R100: {=IF(MAX(IF((Main!$D$6:$D$798="НСМУ")*(Main!$B$6:$B$798='Стан БГ'!C97)*(Main!$C$6:$C$798='Стан БГ'!H99),Main!$A$6:$A$798,0),T100)>0,MAX(IF((Main!$D$6:$D$798="НСМУ")*(Main!$B$6:$B$798='Стан БГ'!C97)*(Main!$C$6:$C$798='Стан БГ'!H99),Main!$A$6:$A$798,0),T100),"")} | S100: =S97 -> 30 | T100: {=IF(MAX(IF((Main!$D$6:$D$798="НВМП")*(Main!$B$6:$B$798='Стан БГ'!C97)*(Main!$C$6:$C$798='Стан БГ'!H99),Main!$A$6:$A$798,0))>0,MAX(IF((Main!$D$6:$D$798="НВМП")*(Main!$B$6:$B$798='Стан БГ'!C97)*(Main!$C$6:$C$798='Стан БГ'!H99),Main!$A$6:$A$798,0)),"")} | U100: =U97 -> 365 | W100: =IF($D96=1,W$8,IF($D96=2,W$9,IF($D96=3,W$10))) -> 365 | Y100: =IF($D96=1,Y$8,IF($D96=2,Y$9,IF($D96=3,Y$10))) -> 365 | AA100: =IF($D96=1,AA$8,IF($D96=2,AA$9,IF($D96=3,AA$10))) -> 365 | AC100: =IF($D96=1,AC$8,IF($D96=2,AC$9,IF($D96=3,AC$10))) -> 365 | AE100: =AE97 -> 365 | AG100: =AG97 -> 365 | AI100: =AI97 -> 365 | AK100: =AK97 -> 365 | AM100: =AM97 -> 365 | AO100: =IF($D99=1,AO$8,IF($D99=2,AO$9,IF($D99=3,AO$10))) -> FALSE | AP100: 45737 | AQ100: =IF($D99=1,AQ$8,IF($D99=2,AQ$9,IF($D99=3,AQ$10))) -> FALSE | AR100: 45674 | AS100: =IF($D99=1,AS$8,IF($D99=2,AS$9,IF($D99=3,AS$10))) -> FALSE | AU100: =IF($D99=1,AU$8,IF($D99=2,AU$9,IF($D99=3,AU$10))) -> FALSE | AW100: =IF($D96=1,AW$8,IF($D96=2,AW$9,IF($D96=3,AW$10))) -> 365 | AY100: =IF($D96=1,AY$8,IF($D96=2,AY$9,IF($D96=3,AY$10))) -> 365 | BA100: =IF($D96=1,BA$8,IF($D96=2,BA$9,IF($D96=3,BA$10))) -> 122 | BC100: =IF($D96=1,BC$8,IF($D96=2,BC$9,IF($D96=3,BC$10))) -> 184 | BE100: =BE97 -> 184 | BG100: =BG97 -> 365 | BI100: =BI97 -> 184
I101: =IF(AND(J96=1,OR($G96="вп",$G96="вд",$G96="шп",$G96="оа")),1,0) -> 0 | J101: =IF(J100="",0,IF($C$2<(I100+J100)-15,2,IF($C$2<(I100+J100),1,"0"))) -> 0 | L101: =IF(L100="",0,IF($C$2<(K100+L100)-15,2,IF($C$2<(K100+L100),1,"0"))) -> 0 | N101: =IF(N100="",0,IF($C$2<(M100+N100)-15,2,IF($C$2<(M100+N100),1,"0"))) -> 0 | P101: =IF(P100="",0,IF($C$2<(O100+P100)-15,2,IF($C$2<(O100+P100),1,"0"))) -> 0 | R101: =IF(R100="",0,IF($C$2<(Q100+R100)-15,2,IF($C$2<(Q100+R100),1,"0"))) -> 0 | T101: =IF(T100="",0,IF($C$2<(S100+T100)-15,2,IF($C$2<(S100+T100),1,"0"))) -> 0 | V101: =IF(V97 = "",0,IF($C$2<(U97+V97)-15,2,IF($C$2<(U97+V97),1,"0"))) -> 0 | X101: =IF(X97 = "",0,IF($C$2<(W97+X97)-15,2,IF($C$2<(W97+X97),1,"0"))) -> 0 | Z101: =IF(Z97 = "",0,IF($C$2<(Y97+Z97)-15,2,IF($C$2<(Y97+Z97),1,"0"))) -> 0 | AB101: =IF(AB97 = "",0,IF($C$2<(AA97+AB97)-15,2,IF($C$2<(AA97+AB97),1,"0"))) -> 0 | AD101: =IF(AD97 = "",0,IF($C$2<(AC97+AD97)-15,2,IF($C$2<(AC97+AD97),1,"0"))) -> 0 | AF101: =IF(AF97 = "",0,IF($C$2<(AE97+AF97)-15,2,IF($C$2<(AE97+AF97),1,"0"))) -> 0 | AH101: =IF(AH97 = "",0,IF($C$2<(AG97+AH97)-15,2,IF($C$2<(AG97+AH97),1,"0"))) -> 0 | AJ101: =IF(AJ97 = "",0,IF($C$2<(AI97+AJ97)-15,2,IF($C$2<(AI97+AJ97),1,"0"))) -> 0 | AL101: =IF(AL97 = "",0,IF($C$2<(AK97+AL97)-15,2,IF($C$2<(AK97+AL97),1,"0"))) -> 2 | AN101: =IF(AN97 = "",0,IF($C$2<(AM97+AN97)-15,2,IF($C$2<(AM97+AN97),1,"0"))) -> 0 | AP101: =IF(AP100 = "",0,IF($C$2<(AO97+AP100)-15,2,IF($C$2<(AO97+AP100),1,"0"))) -> 0 | AR101: =IF(AR100 = "",0,IF($C$2<(AQ97+AR100)-15,2,IF($C$2<(AQ97+AR100),1,"0"))) -> 0 | AT101: =IF(AT97 = "",0,IF($C$2<(AS97+AT97)-15,2,IF($C$2<(AS97+AT97),1,"0"))) -> 2 | AV101: =IF(AV97 = "",0,IF($C$2<(AU97+AV97)-15,2,IF($C$2<(AU97+AV97),1,"0"))) -> #VALUE! | AX101: =IF(AX97 = "",0,IF($C$2<(AW97+AX97)-15,2,IF($C$2<(AW97+AX97),1,"0"))) -> 0 | AZ101: =IF(AZ97 = "",0,IF($C$2<(AY97+AZ97)-15,2,IF($C$2<(AY97+AZ97),1,"0"))) -> 0 | BB101: =IF(BB97 = "",0,IF($C$2<(BA97+BB97)-15,2,IF($C$2<(BA97+BB97),1,"0"))) -> 0 | BD101: =IF(BD97 = "",0,IF($C$2<(BC97+BD97)-15,2,IF($C$2<(BC97+BD97),1,"0"))) -> 0 | BF101: =IF(BF97 = "",0,IF($C$2<(BE97+BF97)-15,2,IF($C$2<(BE97+BF97),1,"0"))) -> 0 | BH101: =IF(BH97 = "",0,IF($C$2<(BG97+BH97)-15,2,IF($C$2<(BG97+BH97),1,"0"))) -> 0 | BJ101: =IF(BJ97 = "",0,IF($C$2<(BI97+BJ97)-15,2,IF($C$2<(BI97+BJ97),1,"0"))) -> 0
A102: 10 | B102: Ст. борт. Інженер - ІАС | D102: 1 | E102: 1 | F102: =IF(E102=1,1.5,1) -> 1.5 | H102: Ми-8 | I102: 1 | J102: =IF(OR(J104=1,J104=2),1,0) -> 0 | K102: 1 | L102: =IF(OR(L104=1,L104=2),1,0) -> 0 | M102: 1 | N102: =IF(OR(N104=1,N104=2),1,0) -> 0 | O102: 1 | P102: =IF(OR(P104=1,P104=2),1,0) -> 0 | Q102: 1 | R102: =IF(OR(R104=1,R104=2),1,0) -> 0 | S102: 1 | T102: =IF(OR(T104=1,T104=2),1,0) -> 0
...

Sheet Main
A1: ПОДЕННИЙ ОБЛІК НАЛЬОТУ | V1: Бойових заст.
V2: Загальний наліт | X2: Наліт на випроб | Z2: Бойових заст.
V3: К-сть | W3: Час | X3: Заг. К-сть | Y3: Заг. Час
A4: Дата | B4: ПІБ | C4: Тип ПС | D4: Час доби МУ | E4: В якості кого | F4: № КБП | G4: Вид пол. | H4: Польотів | I4: Наліт | J4: Наліт на випроб | L4: Бойових заст. | M4: Примітки | V4: =SUBTOTAL(9,H6:H499) -> 287 | W4: =SUBTOTAL(9,I6:I499) -> 8.2576389 | X4: =SUBTOTAL(9,J6:J499) -> 61 | Y4: =SUBTOTAL(9,K6:K499) -> 2.5451389 | Z4: =SUBTOTAL(9,L6:L499) -> 102
A5: 45809 | B5: п/п-к Потапов В.І. | C5: Ми-8 | D5: ДПМУ | E5: Ком Е | G5: Бойовий | H5: 1 | I5: 0.014583333 | L5: 1 | M5: Вивід з під удару
A6: 45810 | B6: п/п-к Томилко М.М. | C6: Су-27 | D6: ДПМУ | E6: Ком Е | G6: Випробувальний | H6: 1 | I6: 0.038888889 | J6: 1 | K6: 0.038888889 | M6: Шифр: Грація-27
A7: 45811 | B7: п/п-к Кошель С.М. | C7: Ми-8 | D7: ДПМУ | E7: Ком Е | G7: Бойовий | H7: 1 | I7: 0.0069444444 | L7: 1 | M7: Вивід з під удару
A8: 45812 | B8: п/п-к Кошель С.М. | C8: Ми-8 | D8: ДСМУ | E8: Ком Е | G8: Бойовий | H8: 1 | I8: 0.0069444444 | L8: 1 | M8: Вивід з під удару
A9: 45813 | B9: п/п-к Томилко М.М. | C9: Су-27 | D9: ДВМП | E9: Ком Е | G9: Випробувальний | H9: 1 | I9: 0.043055556 | J9: 1 | K9: 0.043055556 | M9: Шифр: Грація-27
A10: 45814 | B10: п/п-к Кошель С.М. | C10: Ми-8 | D10: ДПМУ | E10: Ком Е | G10: Бойовий | H10: 1 | I10: 0.00625 | L10: 1 | M10: Вивід з під удару
A11: 45815 | B11: п/п-к Томилко М.М. | C11: Су-27 | D11: ДВМП | E11: Ком Е | G11: Випробувальний | H11: 1 | I11: 0.03125 | J11: 1 | K11: 0.03125 | L11: 1 | M11: Шифр: Грація-27
A12: 45817 | B12: п/п-к Томилко М.М. | C12: Су-27 | D12: ДПМУ | E12: Ком Е | G12: Випробувальний | H12: 1 | I12: 0.066666667 | J12: 1 | K12: 0.066666667 | L12: 1 | M12: Шифр: Грація-27
A13: 45817 | B13: п/п-к Потапов В.І. | C13: Ми-8 | D13: ДПМУ | E13: Ком Е | G13: Бойовий | H13: 5 | I13: 0.22222222 | M13: СБП
A14: 45817 | B14: п-к Якименко С.М. | C14: Л-39 | D14: ДПМУ | E14: Ком Е | G14: Учбово-тренув. | H14: 2 | I14: 0.056944444 | L14: 1 | M14: УТП
A15: 45818 | B15: п-к Якименко С.М. | C15: Л-39 | D15: ДПМУ | E15: Ком Е | G15: Учбово-тренув. | H15: 1 | I15: 0.020833333 | L15: 1 | M15: УТП
A16: 45818 | B16: п/п-к Томилко М.М. | C16: Су-27 | D16: ДВМП | E16: Ком Е | G16: Випробувальний | H16: 1 | I16: 0.075 | J16: 1 | K16: 0.075 | L16: 1 | M16: Шифр: Грація-27
A17: 45819 | B17: п/п-к Томилко М.М. | C17: Су-27 | D17: ДПМУ | E17: Ком Е | G17: Випробувальний | H17: 1 | I17: 0.0625 | J17: 1 | K17: 0.0625 | L17: 1 | M17: Шифр: Грація-27
A18: 45819 | B18: п/п-к Гуменник С.М. | C18: Ми-8 | D18: ДПМУ | E18: Ком Е | G18: Випробувальний | H18: 3 | I18: 0.066666667 | J18: 3 | K18: 0.066666667 | L18: 3 | M18: Шифр: Альтернатива
A19: 45820 | B19: п/п-к Гуменник С.М. | C19: Ми-8 | D19: ДПМУ | E19: Ком Е | G19: Випробувальний | H19: 4 | I19: 0.050694444 | J19: 3 | K19: 0.034027778 | L19: 7 | M19: Шифр: Альтернатива
A20: 45820 | B20: п-к Якименко С.М. | C20: Л-39 | D20: ДПМУ | E20: Ком Е | G20: Учбово-тренув. | H20: 3 | I20: 0.045138889 | M20: УТП
A21: 45825 | B21: п/п-к Філенко М.М. | C21: Су-27 | D21: ДСМУ | E21: Ком Е | G21: Учбово-тренув. | H21: 1 | I21: 0.018055556 | M21: Отримав допуск з інструк.о сидіння до польотів в ДСМУ
A22: 45825 | B22: п/п-к Герус В.І. | C22: МіГ-29 | D22: ДПМУ | E22: Ком Е | G22: Учбово-тренув. | H22: 2 | I22: 0.043055556 | M22: УТП
A23: 45825 | B23: п/п-к Кошель С.М. | C23: Ми-8 | D23: ДПМУ | E23: Ком Е | G23: Бойовий | H23: 2 | I23: 0.013888889 | L23: 2 | M23: Вивід з під удару
A24: 45826 | B24: п/п-к Герус В.І. | C24: МіГ-29 | D24: ДПМУ | E24: Ком Е | G24: Учбово-тренув. | H24: 4 | I24: 0.058333333 | M24: УТП
A25: 45828 | B25: п/п-к Філенко М.М. | C25: Су-27 | D25: ДПМУ | E25: Ком Е | G25: Учбово-тренув. | H25: 2 | I25: 0.040972222 | M25: Отримав допуск до тренув. на розгін до надзвукової швидкості, на стелю літака та на повітряний бій з ударними літаками (розвідниками) у стратосфері.
A26: 45831 | B26: п/п-к Потапов В.І. | C26: Ми-8 | D26: ДПМУ | E26: Ком Е | G26: Бойовий | H26: 6 | I26: 0.18333333 | L26: 6 | M26: СБП
A27: 45831 | B27: п/п-к Філенко М.М. | C27: Су-27 | D27: ДПМУ | E27: Ком Е | G27: Учбово-тренув. | H27: 1 | I27: 0.025694444 | M27: ГМВ
A28: 45831 | B28: п/п-к Герус В.І. | C28: МіГ-29 | D28: ДПМУ | E28: Ком Е | G28: Учбово-тренув. | H28: 4 | I28: 0.031944444 | M28: Вивізна програма в якості інструктора.
A29: 45832 | B29: п/п-к Герус В.І. | C29: МіГ-29 | D29: ДПМУ | E29: Ком Е | G29: Учбово-тренув. | H29: 3 | I29: 0.026388889 | M29: Продов. терміни перевіркина СП та наатаки НЦ зі СВМ,продов. вивізну прграму в якості інструктора.
A30: 45834 | B30: п/п-к Кошель С.М. | C30: Ми-8 | D30: ДПМУ | E30: Ком Е | G30: Бойовий | H30: 2 | I30: 0.013888889 | L30: 2 | M30: Вивід з під удару
A31: 45834 | B31: п/п-к Герус В.І. | C31: МіГ-29 | D31: ДПМУ | E31: Ком Е | G31: Учбово-тренув. | H31: 2 | I31: 0.029861111 | M31: Допуск на ТП на Н сер, мал в якості інструктора
A32: 45834 | B32: п/п-к Потапов В.І. | C32: Ми-8 | D32: ДПМУ | E32: Ком Е | G32: Бойовий | H32: 1 | I32: 0.01875 | L32: 1 | M32: СБП на ПМВ.
A33: 45834 | B33: п/п-к Потапов В.І. | C33: Ми-8 | D33: НПМУ | E33: Ком Е | G33: Учбово-тренув. | H33: 1 | I33: 0.061111111 | L33: 1 | M33: Продов. по приборах та ППС в ОНБ, майданчик вночі.
A34: 45835 | B34: п/п-к Потапов В.І. | C34: Ми-8 | D34: ДПМУ | E34: Ком Е | G34: Учбово-тренув. | H34: 1 | I34: 0.082638889 | L34: 1 | M34: Перевірка ТП, ІВД
A35: 45835 | B35: п/п-к Потапов В.І. | C35: Ми-8 | D35: ДПМУ | E35: Ком Е | G35: Бойовий | H35: 1 | I35: 0.017361111 | L35: 1 | M35: СБП на ПМВ.
A36: 45838 | B36: п/п-к Герус В.І. | C36: МіГ-29 | D36: ДПМУ | E36: Ком Е | G36: Учбово-тренув. | H36: 2 | I36: 0.021527778 | M36: ТП та навіг на ГМВ
A37: 45839 | B37: п/п-к Герус В.І. | C37: МіГ-29 | D37: ДПМУ | E37: Ком Е | G37: Учбово-тренув. | H37: 1 | I37: 0.020138889 | M37: Допуск на ТП на ГМВ в якості інструктора
A38: 45840 | B38: п/п-к Кошель С.М. | C38: Ми-8 | D38: ДПМУ | E38: Ком Е | G38: Учбово-тренув. | H38: 1 | I38: 0.0069444444 | L38: 1 | M38: ГМВ
A39: 45846 | B39: п/п-к Кошель С.М. | C39: Ми-8 | D39: ДПМУ | E39: Ком Е | G39: Бойовий | H39: 1 | I39: 0.0083333333 | M39: Вивід з під удару
A40: 45846 | B40: п/п-к Філенко М.М. | C40: Су-27 | D40: ДПМУ | E40: Ком Е | G40: Випробувальний | H40: 3 | I40: 0.067361111 | J40: 1 | K40: 0.027083333 | M40: Шифр: Центавр ГМВ, СП, Пара
A41: 45847 | B41: п/п-к Потапов В.І. | C41: Ми-8 | D41: ДПМУ | E41: Ком Е | G41: Бойовий | H41: 1 | I41: 0.022916667 | L41: 1 | M41: СБП
A42: 45847 | B42: п/п-к Потапов В.І. | C42: Ми-8 | D42: НПМУ | E42: Ком Е | G42: Бойовий | H42: 1 | I42: 0.083333333 | L42: 1 | M42: СБП
A43: 45848 | B43: п/п-к Кошель С.М. | C43: Ми-8 | D43: ДПМУ | E43: Ком Е | G43: Учбово-тренув. | H43: 1 | I43: 0.056944444 | L43: 1 | M43: ГМВ
A44: 45848 | B44: п/п-к Гуменник С.М. | C44: Ми-8 | D44: ДПМУ | E44: Ком Е | G44: Учбово-тренув. | H44: 1 | I44: 0.056944444 | M44: Маршрут
A45: 45849 | B45: п/п-к Філенко М.М. | C45: Су-27 | D45: ДПМУ | E45: Ком Е | G45: Випробувальний | H45: 3 | I45: 0.070833333 | J45: 1 | K45: 0.043055556 | M45: Шифр: Центавр
A46: 45850 | B46: п/п-к Філенко М.М. | C46: Су-27 | D46: ДПМУ | E46: Ком Е | G46: Випробувальний | H46: 3 | I46: 0.063888889 | J46: 1 | K46: 0.039583333 | M46: Шифр: Центавр
A47: 45853 | B47: п/п-к Кошель С.М. | C47: Ми-8 | D47: ДПМУ | E47: Ком Е | G47: Учбово-тренув. | H47: 1 | I47: 0.01875 | J47: 1 | K47: 0.01875 | M47: ГМВ
A48: 45854 | B48: п/п-к Кошель С.М. | C48: Ми-8 | D48: ДПМУ | E48: Ком Е | G48: Учбово-тренув. | H48: 1 | I48: 0.03125 | J48: 1 | K48: 0.03125 | M48: ГМВ
A49: 45855 | B49: п/п-к Кошель С.М. | C49: Ми-8 | D49: ДПМУ | E49: Ком Е | G49: Учбово-тренув. | H49: 1 | I49: 0.065972222 | J49: 1 | K49: 0.065972222 | M49: ГМВ
A50: 45855 | B50: п/п-к Кошель С.М. | C50: Ми-8 | D50: ДПМУ | E50: Ком Е | G50: Учбово-тренув. | H50: 1 | I50: 0.0069444444 | M50: ГМВ
A51: 45856 | B51: п/п-к Кошель С.М. | C51: Ми-8 | D51: ДСМУ | E51: Ком Е | G51: Учбово-тренув. | H51: 1 | I51: 0.0048611111 | M51: СМУ
A52: 45856 | B52: п/п-к Кошель С.М. | C52: Ми-8 | D52: ДПМУ | E52: Ком Е | G52: Учбово-тренув. | H52: 1 | I52: 0.056944444 | M52: ГМВ
A53: 45857 | B53: п/п-к Томилко М.М. | C53: Су-27 | D53: ДВМП | E53: Ком Е | G53: Випробувальний | H53: 2 | I53: 0.065277778 | J53: 2 | K53: 0.065277778 | M53: Шифр: Сапсан. Продов. стратосфера, ДВМП, СП
A54: 45859 | B54: п/п-к Кошель С.М. | C54: Ми-8 | D54: ДПМУ | E54: Ком Е | G54: Бойовий | H54: 2 | I54: 0.013888889 | L54: 2 | M54: ГМВ
A55: 45861 | B55: п/п-к Кошель С.М. | C55: Ми-8 | D55: ДПМУ | E55: Ком Е | G55: Бойовий | H55: 1 | I55: 0.0055555556 | L55: 1 | M55: ГМВ
A56: 45861 | B56: п/п-к Кошель С.М. | C56: Ми-8 | D56: ДПМУ | E56: Ком Е | G56: Випробувальний | H56: 1 | I56: 0.13888889 | J56: 1 | K56: 0.13888889 | L56: 1 | M56: "Сімка-2, ГМВ
A57: 45862 | B57: п/п-к Кошель С.М. | C57: Ми-8 | D57: ДПМУ | E57: Ком Е | G57: Бойовий | H57: 1 | I57: 0.0055555556 | L57: 1 | M57: ГМВ
A58: 45863 | B58: п/п-к Кошель С.М. | C58: Ми-8 | D58: ДПМУ | E58: Ком Е | G58: Випробувальний | H58: 2 | I58: 0.2625 | J58: 2 | K58: 0.2625 | L58: 2 | M58: "Сімка-2, практична стеля
A59: 45863 | B59: п/п-к Кошель С.М. | C59: Ми-8 | D59: НПМУ | E59: Ком Е | G59: Бойовий | H59: 1 | I59: 0.041666667 | J59: 1 | K59: 0.041666667 | L59: 1 | M59: ГМВ, ОНБ
A60: 45864 | B60: п/п-к Кошель С.М. | C60: Ми-8 | D60: ДПМУ | E60: Ком Е | G60: Бойовий | H60: 2 | I60: 0.0125 | L60: 2 | M60: ГМВ
A61: 45865 | B61: п/п-к Кошель С.М. | C61: Ми-8 | D61: ДПМУ | E61: Ком Е | G61: Бойовий | H61: 1 | I61: 0.00625 | L61: 1 | M61: ГМВ
A62: 45865 | B62: п/п-к Кошель С.М. | C62: Ми-8 | D62: НПМУ | E62: Ком Е | G62: Бойовий | H62: 1 | I62: 0.076388889 | J62: 1 | K62: 0.076388889 | L62: 1 | M62: ГМВ, ОНБ
A63: 45866 | B63: п/п-к Кошель С.М. | C63: Ми-8 | D63: ДПМУ | E63: Ком Е | G63: Бойовий | H63: 1 | I63: 0.0069444444 | L63: 1 | M63: ГМВ
A64: 45867 | B64: п/п-к Кошель С.М. | C64: Ми-8 | D64: ДПМУ | E64: Ком Е | G64: Випробувальний | H64: 1 | I64: 0.16736111 | J64: 1 | K64: 0.16736111 | L64: 1 | M64: "Сімка-2",практична стеля, перевірка за МВЛ
A65: 45868 | B65: п/п-к Кошель С.М. | C65: Ми-8 | D65: ДПМУ | E65: Ком Е | G65: Бойовий | H65: 1 | I65: 0.00625 | L65: 1 | M65: ГМВ
A66: 45868 | B66: п/п-к Томилко М.М. | C66: Л-39 | D66: ДСМУ | E66: Ком Е | G66: За методиками | H66: 3 | I66: 0.069444444 | J66: 3 | K66: 0.069444444 | M66: впр. 115(1\2), 116(1)
A67: 45869 | B67: п/п-к Томилко М.М. | C67: Су-27 | D67: ДПМУ | E67: Ком Е | G67: Випробувальний | H67: 4 | I67: 0.10902778 | J67: 3 | K67: 0.094444444 | M67: Шифр: Сапсан, Центавр
A68: 45869 | B68: п/п-к Кошель С.М. | C68: Ми-8 | D68: ДПМУ | E68: Ком Е | G68: Бойовий | H68: 1 | I68: 0.0055555556 | L68: 1 | M68: ГМВ
A69: 45869 | B69: п/п-к Кошель С.М. | C69: Ми-8 | D69: НПМУ | E69: Ком Е | G69: Випробувальний | H69: 2 | I69: 0.14652778 | J69: 2 | K69: 0.14652778 | L69: 2 | M69: "Сімка-2",ГМВ,ОНБ
A70: 45870 | B70: п/п-к Кошель С.М. | C70: Ми-8 | D70: НПМУ | E70: Ком Е | G70: Бойовий | H70: 1 | I70: 0.12847222 | L70: 1 | M70: ГМВ,ОНБ
A71: 45870 | B71: п/п-к Кошель С.М. | C71: Ми-8 | D71: НПМУ | E71: Ком Е | G71: Випробувальний | J71: 1 | K71: 0.12847222 | M71: "Сімка-2"
A72: 45870 | B72: п/п-к Кошель С.М. | C72: Ми-8 | D72: ДПМУ | E72: Ком Е | G72: Бойовий | H72: 1 | I72: 0.0069444444 | L72: 1 | M72: Тренув. пілотаж на ГМВ
A73: 45870 | B73: п/п-к Томилко М.М. | C73: Л-39 | D73: ДПМУ | E73: Ком Е | G73: За методиками | H73: 4 | I73: 0.080555556 | J73: 4 | K73: 0.080555556 | M73: впр. 116(2), 117(1), 117(2), 117(3)
A74: 45873 | B74: п/п-к Кошель С.М. | C74: Ми-8 | D74: ДПМУ | E74: Ком Е | G74: Бойовий | H74: 1 | I74: 0.0069444444 | L74: 1 | M74: ГМВ
A75: 45874 | B75: п/п-к Потапов В.І. | C75: Ми-8 | D75: ДПМУ | E75: Ком Е | G75: Бойовий | H75: 2 | I75: 0.18402778 | M75: СБП
A76: 45874 | B76: п/п-к Потапов В.І. | C76: Ми-8 | D76: НПМУ | E76: Ком Е | G76: Бойовий | H76: 1 | I76: 0.12847222 | M76: СБП, продов. в тренув. польотах день та ніч
A77: 45874 | B77: п/п-к Томилко М.М. | C77: Л-39 | D77: ДПМУ | E77: Ком Е | G77: За методиками | H77: 5 | I77: 0.092361111 | J77: 2 | K77: 0.05625 | M77: впр.117(4), інструк. підгот. впр. 201(1), 202(1), 203(4)
A78: 45875 | B78: п/п-к Кошель С.М. | C78: Ми-8 | D78: ДПМУ | E78: Ком Е | G78: Випробувальний | H78: 1 | I78: 0.0069444444 | L78: 1 | M78: ГМВ
A79: 45875 | B79: п/п-к Томилко М.М. | C79: Л-39 | D79: ДСМУ | E79: Ком Е | G79: За методиками | H79: 4 | I79: 0.072222222 | J79: 1 | K79: 0.013194444 | M79: впр. 118(2) інструк. підготовка впр. 203(1), 211. Політ у складі екіпажу на крит.і режими польоту (звалювання/штопор)
A80: 45876 | B80: п/п-к Потапов В.І. | C80: Ми-8 | D80: ДПМУ | E80: Ком Е | G80: Бойовий | H80: 3 | I80: 0.21319444 | M80: СБП
A81: 45877 | B81: п/п-к Потапов В.І. | C81: Ми-8 | D81: НПМУ | E81: Ком Е | G81: Бойовий | H81: 1 | I81: 0.054861111 | M81: СБП, продов. в тренув. польотах на майданчик обмежених розмірів поза ае. та пошуково-рятув. забез. над сушею
A82: 45877 | B82: п/п-к Кошель С.М. | C82: Ми-8 | D82: НПМУ | E82: Ком Е | G82: Бойовий | H82: 1 | I82: 0.12847222 | L82: 1 | M82: ГМВ,ОНБ
A83: 45877 | B83: п/п-к Кошель С.М. | C83: Ми-8 | D83: НПМУ | E83: Ком Е | G83: Випробувальний | J83: 1 | K83: 0.12847222 | M83: "Сімка-2"
A84: 45877 | B84: п/п-к Потапов В.І. | C84: Ми-8 | D84: ДПМУ | E84: Ком Е | G84: Бойовий | H84: 1 | I84: 0.018055556 | M84: СБП
A85: 45877 | B85: п/п-к Томилко М.М. | C85: Л-39 | D85: ДПМУ | E85: Ком Е | G85: За методиками | H85: 4 | I85: 0.061111111 | M85: інстр. під. за впр. 201(2), 202(2), 203(2) отримав допуск до інстр. пол. Політ у ск. екіпажу на критичні режими польоту (звалювання/штопор)
A86: 45879 | B86: п/п-к Кошель С.М. | C86: Ми-8 | D86: ДПМУ | E86: Ком Е | G86: Бойовий | H86: 1 | I86: 0.13194444 | L86: 1 | M86: ГМВ
A87: 45879 | B87: п/п-к Кошель С.М. | C87: Ми-8 | D87: ДПМУ | E87: Ком Е | G87: Випробувальний | J87: 1 | K87: 0.13194444 | M87: "Сімка-2"
A88: 45880 | B88: п/п-к Кошель С.М. | C88: Ми-8 | D88: ДПМУ | E88: Ком Е | G88: Бойовий | H88: 1 | I88: 0.0055555556 | L88: 1 | M88: ГМВ
A89: 45880 | B89: п/п-к Кошель С.М. | C89: Ми-8 | D89: ДПМУ | E89: Ком Е | G89: Бойовий | H89: 1 | I89: 0.14861111 | L89: 1 | M89: ГМВ
A90: 45880 | B90: п/п-к Кошель С.М. | C90: Ми-8 | D90: ДПМУ | E90: Ком Е | G90: Випробувальний | J90: 1 | K90: 0.14861111 | M90: "Сімка-2"
A91: 45881 | B91: п/п-к Кошель С.М. | C91: Ми-8 | D91: ДПМУ | E91: Ком Е | G91: Бойовий | H91: 1 | I91: 0.15138889 | L91: 1 | M91: ГМВ,практична стеля перевірка за МЛВ
A92: 45881 | B92: п/п-к Кошель С.М. | C92: Ми-8 | D92: ДПМУ | E92: Ком Е | G92: Випробувальний | J92: 1 | K92: 0.15138889 | M92: "Сімка-2"
A93: 45882 | B93: п/п-к Кошель С.М. | C93: Ми-8 | D93: ДПМУ | E93: Ком Е | G93: Учбово-тренув. | H93: 1 | I93: 0.0069444444 | L93: 1 | M93: Тренувальний пілотаж на ГМВ
A94: 45882 | B94: п/п-к Кошель С.М. | C94: Ми-8 | D94: НПМУ | E94: Ком Е | G94: Випробувальний | H94: 1 | I94: 0.15625 | L94: 1 | M94: "Сімка-2", ГМВ, ОНБ
A95: 45883 | B95: п/п-к Кошель С.М. | C95: Ми-8 | D95: НПМУ | E95: Ком Е | G95: Вип. П | H95: 1 | I95: 0.13888889 | L95: 1 | M95: "Сімка-2", ГМВ, ОНБ
A96: 45884 | B96: п/п-к Кошель С.М. | C96: Ми-8 | D96: ДПМУ | E96: Ком Е | G96: Бойовий | H96: 1 | I96: 0.010416667 | L96: 1 | M96: Вивід з-під удару, Гр. мала висота (ОНБ)
A97: 45889 | B97: п/п-к Гуменник С.М. | C97: Ми-8 | D97: ДПМУ | G97: Бойовий | H97: 1 | I97: 0.0097222222 | J97: 1 | K97: Вивід з під удару, ГМВ, під шторкою | L97: 1 | M97: під шторкою, Вивід з-під удару, Гр. мала висота (ОНБ)
A98: 45890 | B98: п/п-к Потапов В.І. | C98: Ми-8 | D98: ДПМУ | G98: Бойовий | H98: 2 | I98: 0.03125 | J98: 2 | K98: Вивід з під удару, ППС | L98: 2 | M98: ППС, Вивід з-під удару
A99: 45890 | B99: п/п-к Потапов В.І. | C99: Ми-8 | D99: ДПМУ | G99: Бойовий | H99: 1 | I99: 0.015972222 | J99: 1 | K99: Вивід з під удару | L99: 1 | M99: Вивід з-під удару
A100: 45890 | B100: п/п-к Кошель С.М. | C100: Ми-8 | D100: ДПМУ | G100: Бойовий | H100: 1 | I100: 0.0055555556 | J100: 1 | K100: Вивід з під удару, ГМВ | L100: 1 | M100: Вивід з-під удару, Гр. мала висота (ОНБ)
...

Sheet Підсумки
L1: Додаток 1 | P1: 19.652778
A2: Підсумки льотної підготовки Льотно-випробувального комплексу станом на 31.01.2026
A4: № | B4: Тип ПС | C4: В період | D4: 46023 | E4: 46053 | F4: З початку 2025 року
C5: польотів | D5: наліт | E5: бой заст | F5: польотів | G5: наліт | H5: бой заст | I5: Випроб. польоти (з них МЛВ)
I6: польотів | J6: наліт | K6: пол.МЛВ | L6: наліт МЛВ
A7: 1. | B7: Ми-8 | C7: =SUMIFS(Main!$H$5:$H$798,Main!$C$5:$C$798,$B7,Main!$A$5:$A$798, ">=" &$D$4,Main!$A$5:$A$798,"<=" &$E$4) -> 11 | D7: =SUMIFS(Main!$I$5:$I$798,Main!$C$5:$C$798,$B7,Main!$A$5:$A$798, ">=" &$D$4,Main!$A$5:$A$798,"<=" &$E$4) -> 0.28888889 | E7: =SUMIFS(Main!$L$5:$L$798,Main!$C$5:$C$798,$B7,Main!$A$5:$A$798, ">=" &$D$4,Main!$A$5:$A$798,"<=" &$E$4) -> 0 | F7: =SUMIFS(Main!$H$5:$H$798,Main!$C$5:$C$798,$B7)+112 -> 308 | G7: =SUMIFS(Main!$I$5:$I$798,Main!$C$5:$C$798,$B7)+1.87917 -> 8.1256978 | H7: =SUMIFS(Main!$L$5:$L$798,Main!$C$5:$C$798,$B7)+56 -> 155 | I7: =SUMIFS(Main!$H$5:$H$798,Main!$C$5:$C$798,$B7,Main!$G$5:$G$798,"Випробувальний")+SUMIFS(Main!$H$5:$H$798,Main!$C$5:$C$798,$B7,Main!$G$5:$G$798,"За методиками")+40 -> 74 | J7: =SUMIFS(Main!$I$5:$I$798,Main!$C$5:$C$798,$B7,Main!$G$5:$G$798,"Випробувальний")+SUMIFS(Main!$I$5:$I$798,Main!$C$5:$C$798,$B7,Main!$G$5:$G$798,"За методиками")+0.41875 -> 2.1861111 | K7: =SUMIFS(Main!$H$5:$H$798,Main!$C$5:$C$798,$B7,Main!$G$5:$G$798,"За методиками") -> 0 | L7: =SUMIFS(Main!$I$5:$I$798,Main!$C$5:$C$798,$B7,Main!$G$5:$G$798,"За методиками") -> 0
A8: 2. | B8: Л-39 | C8: =SUMIFS(Main!$H$5:$H$798,Main!$C$5:$C$798,$B8,Main!$A$5:$A$798, ">=" &$D$4,Main!$A$5:$A$798,"<=" &$E$4) -> 15 | D8: =SUMIFS(Main!$I$5:$I$798,Main!$C$5:$C$798,$B8,Main!$A$5:$A$798, ">=" &$D$4,Main!$A$5:$A$798,"<=" &$E$4) -> 0.26458333 | E8: =SUMIFS(Main!$L$5:$L$798,Main!$C$5:$C$798,$B8,Main!$A$5:$A$798, ">=" &$D$4,Main!$A$5:$A$798,"<=" &$E$4) -> 0 | F8: =SUMIFS(Main!$H$5:$H$798,Main!$C$5:$C$798,$B8)+13 -> 55 | G8: =SUMIFS(Main!$I$5:$I$798,Main!$C$5:$C$798,$B8)+0.20625 -> 0.98611111 | H8: =SUMIFS(Main!$L$5:$L$798,Main!$C$5:$C$798,$B8) -> 2 | I8: =SUMIFS(Main!$H$5:$H$798,Main!$C$5:$C$798,$B8,Main!$G$5:$G$798,"Випробувальний")+SUMIFS(Main!$H$5:$H$798,Main!$C$5:$C$798,$B8,Main!$G$5:$G$798,"За методиками") -> 21 | J8: =SUMIFS(Main!$I$5:$I$798,Main!$C$5:$C$798,$B8,Main!$G$5:$G$798,"Випробувальний")+SUMIFS(Main!$I$5:$I$798,Main!$C$5:$C$798,$B8,Main!$G$5:$G$798,"За методиками") -> 0.39236111 | K8: =SUMIFS(Main!$H$5:$H$798,Main!$C$5:$C$798,$B8,Main!$G$5:$G$798,"За методиками") -> 20 | L8: =SUMIFS(Main!$I$5:$I$798,Main!$C$5:$C$798,$B8,Main!$G$5:$G$798,"За методиками") -> 0.37569444
A9: 3. | B9: МіГ-29 | C9: =SUMIFS(Main!$H$5:$H$798,Main!$C$5:$C$798,$B9,Main!$A$5:$A$798, ">=" &$D$4,Main!$A$5:$A$798,"<=" &$E$4) -> 0 | D9: =SUMIFS(Main!$I$5:$I$798,Main!$C$5:$C$798,$B9,Main!$A$5:$A$798, ">=" &$D$4,Main!$A$5:$A$798,"<=" &$E$4) -> 0 | E9: =SUMIFS(Main!$L$5:$L$798,Main!$C$5:$C$798,$B9,Main!$A$5:$A$798, ">=" &$D$4,Main!$A$5:$A$798,"<=" &$E$4) -> 0 | F9: =SUMIFS(Main!$H$5:$H$798,Main!$C$5:$C$798,$B9)+2 -> 30 | G9: =SUMIFS(Main!$I$5:$I$798,Main!$C$5:$C$798,$B9)+0.05 -> 0.47569444 | H9: =SUMIFS(Main!$L$5:$L$798,Main!$C$5:$C$798,$B9) -> 0 | I9: =SUMIFS(Main!$H$5:$H$798,Main!$C$5:$C$798,$B9,Main!$G$5:$G$798,"Випробувальний")+SUMIFS(Main!$H$5:$H$798,Main!$C$5:$C$798,$B9,Main!$G$5:$G$798,"За методиками") -> 8 | J9: =SUMIFS(Main!$I$5:$I$798,Main!$C$5:$C$798,$B9,Main!$G$5:$G$798,"Випробувальний")+SUMIFS(Main!$I$5:$I$798,Main!$C$5:$C$798,$B9,Main!$G$5:$G$798,"За методиками") -> 0.17013889 | K9: =SUMIFS(Main!$H$5:$H$798,Main!$C$5:$C$798,$B9,Main!$G$5:$G$798,"За методиками") -> 0 | L9: =SUMIFS(Main!$I$5:$I$798,Main!$C$5:$C$798,$B9,Main!$G$5:$G$798,"За методиками") -> 0
A10: 4. | B10: Су-27 | C10: =SUMIFS(Main!$H$5:$H$798,Main!$C$5:$C$798,$B10,Main!$A$5:$A$798, ">=" &$D$4,Main!$A$5:$A$798,"<=" &$E$4) -> 0 | D10: =SUMIFS(Main!$I$5:$I$798,Main!$C$5:$C$798,$B10,Main!$A$5:$A$798, ">=" &$D$4,Main!$A$5:$A$798,"<=" &$E$4) -> 0 | E10: =SUMIFS(Main!$L$5:$L$798,Main!$C$5:$C$798,$B10,Main!$A$5:$A$798, ">=" &$D$4,Main!$A$5:$A$798,"<=" &$E$4) -> 0 | F10: =SUMIFS(Main!$H$5:$H$798,Main!$C$5:$C$798,$B10)+35 -> 63 | G10: =SUMIFS(Main!$I$5:$I$798,Main!$C$5:$C$798,$B10)+1.25417 -> 2.1972256 | H10: =SUMIFS(Main!$L$5:$L$798,Main!$C$5:$C$798,$B10)+4 -> 8 | I10: =SUMIFS(Main!$H$5:$H$798,Main!$C$5:$C$798,$B10,Main!$G$5:$G$798," ")+SUMIFS(Main!$H$5:$H$798,Main!$C$5:$C$798,$B10,Main!$G$5:$G$798,"За методиками")+11 -> 11 | J10: =SUMIFS(Main!$I$5:$I$798,Main!$C$5:$C$798,$B10,Main!$G$5:$G$798,"Випробувальний")+SUMIFS(Main!$I$5:$I$798,Main!$C$5:$C$798,$B10,Main!$G$5:$G$798,"За методиками")+0.41042 -> 1.1361144 | K10: =SUMIFS(Main!$H$5:$H$798,Main!$C$5:$C$798,$B10,Main!$G$5:$G$798,"За методиками") -> 0 | L10: =SUMIFS(Main!$I$5:$I$798,Main!$C$5:$C$798,$B10,Main!$G$5:$G$798,"За методиками") -> 0
A11: 5. | B11: Су-24 | C11: =SUMIFS(Main!$H$5:$H$798,Main!$C$5:$C$798,$B11,Main!$A$5:$A$798, ">=" &$D$4,Main!$A$5:$A$798,"<=" &$E$4) -> 0 | D11: =SUMIFS(Main!$I$5:$I$798,Main!$C$5:$C$798,$B11,Main!$A$5:$A$798, ">=" &$D$4,Main!$A$5:$A$798,"<=" &$E$4) -> 0 | E11: =SUMIFS(Main!$L$5:$L$798,Main!$C$5:$C$798,$B11,Main!$A$5:$A$798, ">=" &$D$4,Main!$A$5:$A$798,"<=" &$E$4) -> 0 | F11: =SUMIFS(Main!$H$5:$H$798,Main!$C$5:$C$798,$B11)+3 -> 3 | G11: =SUMIFS(Main!$I$5:$I$798,Main!$C$5:$C$798,$B11)+0.05972 -> 0.05972 | H11: =SUMIFS(Main!$L$5:$L$798,Main!$C$5:$C$798,$B11) -> 0 | I11: =SUMIFS(Main!$H$5:$H$798,Main!$C$5:$C$798,$B11,Main!$G$5:$G$798," ")+SUMIFS(Main!$H$5:$H$798,Main!$C$5:$C$798,$B11,Main!$G$5:$G$798,"За методиками") -> 0 | J11: =SUMIFS(Main!$I$5:$I$798,Main!$C$5:$C$798,$B11,Main!$G$5:$G$798,"Випробувальни")+SUMIFS(Main!$I$5:$I$798,Main!$C$5:$C$798,$B11,Main!$G$5:$G$798,"За методиками") -> 0 | K11: =SUMIFS(Main!$H$5:$H$798,Main!$C$5:$C$798,$B11,Main!$G$5:$G$798,"За методиками") -> 0 | L11: =SUMIFS(Main!$I$5:$I$798,Main!$C$5:$C$798,$B11,Main!$G$5:$G$798,"За методиками") -> 0
A12: Всього | C12: =SUM(C7:C10) -> 26 | D12: =SUM(D7:D11) -> 0.55347222 | E12: =SUM(E7:E11) -> 0 | F12: =SUM(F7:F11) -> 459 | G12: =SUM(G7:G11) -> 11.844449 | H12: =SUM(H7:H11) -> 165 | I12: =SUM(I7:I11) -> 114 | J12: =SUM(J7:J11) -> 3.8847256 | K12: =SUM(K7:K11) -> 20 | L12: =SUM(L7:L11) -> 0.37569444
A13: Виконано за період: | D13: Льотних змін: - - | G13: Польотів - | H13: =SUM(C12) -> 26 | I13: Наліт - | J13: =SUM(D12) -> 0.55347222
D14: На випробування (за МЛВ): | G14: Польотів - | H14: =CONCATENATE(SUMIFS(Main!$H$5:$H$798,Main!$G$5:$G$798,"Випробувальний",Main!$A$5:$A$798, ">=" &$D$4,Main!$A$5:$A$798,"<=" &$E$4)+SUMIFS(Main!$H$5:$H$798,Main!$G$5:$G$798,"За методиками",Main!$A$5:$A$798, ">=" &$D$4,Main!$A$5:$A$798,"<=" &$E$4)," (",SUMIFS(Main!$H$5:$H$798,Main!$G$5:$G$798,"За методиками",Main!$A$5:$A$798, ">=" &$D$4,Main!$A$5:$A$798,"<=" &$E$4),")") -> 2 (0) | I14: Наліт - | J14: =CONCATENATE(Text(SUMIFS(Main!$I$5:$I$798,Main!$G$5:$G$798,"Випробувальний",Main!$A$5:$A$798, ">=" &$D$4,Main!$A$5:$A$798,"<=" &$E$4)+SUMIFS(Main!$I$5:$I$798,Main!$G$5:$G$798,"За методиками",Main!$A$5:$A$798, ">=" &$D$4,Main!$A$5:$A$798,"<=" &$E$4),"[hh]:mm")," (",Text(SUMIFS(Main!$I$5:$I$798,Main!$G$5:$G$798,"За методиками",Main!$A$5:$A$798, ">=" &$D$4,Main!$A$5:$A$798,"<=" &$E$4),"[hh]:mm"),")") -> 01:34 (00:00)
D15: План ЛП виконано на: | G15: =G12/P1 -> 0.60268574
A16: Досягнення за тиждень:
A18: На літаку Л-39: П/п-к Гагін. Виконав річні перевірки за видами ЛП. Відновився за МУ ДСМУ. П/п-к Філенко. Відновився за МУ ДСМУ. Виконав обліт Л-39М та перегонку АТ на інше місце базування. На вертольоті Мі-8 МСБ-В: П/п-к Потапов. Виконав річні перевірки за видами ЛП.
A24: ТВО заступника начальника Льотно-випробувального комплексу з ЛП: п/п-к М.ФІЛЕНКО

Sheet Адмін
A1: Email (логін) | B1: serega3709aa@gmail.com
A2: ПІБ | B2: п/п-к Кошель С.М.
A3: Роль (user/admin) | B3: admin
A4: Тимчасовий пароль | B4: 12345678
A6: Підказка: Заповни B1:B4 і виконай Адмін → Додати/оновити користувача…

Sheet Users
A1: Email | B1: ПІБ | C1: Role | D1: Salt | E1: PasswordHash
A2: biznesistorii@gmail.com | B2: п/п-к Філенко М.М. | C2: admin | D2: ggPbpHvOvtPeac6u | E2: f2e6c5fa431aed318c92148fa04325bf5b87bcbce5be83cc4e8b666cf79fdb95
A3: potapowvad@gmail.com | B3: п/п-к Потапов В.І. | C3: user | D3: ODczMjA2NjUtMmZhYS00YTMyLWI3ODkt | E3: a8e49daad084581a20e1d20df3997d1387b2748c13bbef60851bcf3e426f9989
A4: nikitatomilko123@gmail.com | B4: п/п-к Томилко М.М. | C4: user | D4: OTExODU2YmMtYjVjYi00MTA3LTliYjQt | E4: 46886bea1e9a8ddd14edb1770ba742ec8fb39695570480af047770f845c0ccb0
A5: chebamaks@gmail.com | B5: п-к Чебаков М.М. | C5: admin | D5: UEM4kbxCNl1grsq8 | E5: 5b511997aacece58caacd0825a5c0515142eb3d88db27938bcefdba21366ddaa
A6: humennik1976@gmail.com | B6: п/п-к Гуменник С.М. | C6: user | D6: ODViMTYyMWItZTU2Zi00MTYzLTk0ZjIt | E6: cf118798cd70b69e6bdc841986f535e46de35ebb9eb7c0dcbec9a20a728035fd
A7: vgerus536@gmail.com | B7: п/п-к Герус В.І. | C7: user | D7: NWFkYzIyZGQtYTMwMi00ZDI2LWFkNDUt | E7: 083466a915696c6af215d5764cc53d4e593120bdb43f3127bfb1ba0ff9d0da6d
A8: 123@gmail.com | B8: п/п-к Гагін Є.Ю. | C8: user | D8: YWIxMDNiNjAtMzdjYy00NzY0LWE0N2It | E8: 4bcbbb36f611e7b3473b7e7386db02175b13dcd4bb88c09cd8b51510c05856f3
A9: serega3709aa@gmail.com | B9: п/п-к Кошель С.М. | C9: admin | D9: wErWIyx2gzfkkows | E9: 3ad31877c447f8eb422cf4bb7551ccff2f3d553920a3ec2a091f5199384ccaff

Sheet Sessions
A1: Token | B1: Email | C1: ExpiresAtISO
A2: A9b8D8aipTT6pR8SDld7NoRxs81dCR5YN9cuCd4CUCm084kQ | B2: biznesistorii@gmail.com | C2: 2025-08-26T11:49:31.005Z
A3: QjpbZ71oRHV7jteHS7WlbhZkPAHqtxUSmiqiwKEbETEwZfQQ | B3: biznesistorii@gmail.com | C3: 2025-08-26T12:06:31.051Z
A4: 1miJmm1Hx50Y2ZYKhqQsFc6I7VH1sTbJMHVs7IgvfnefB83o | B4: biznesistorii@gmail.com | C4: 2025-08-27T14:19:58.232Z
A5: iiV9EasySqwfbtMMNGUjBu8NO3TN9No0zK03YmaxBS81f95A | B5: biznesistorii@gmail.com | C5: 2025-09-01T06:44:32.622Z
A6: v31qpXaTuUfIrjBlZqVDNsG4OPg4i61JpFWMbu2kvg32ode9 | B6: biznesistorii@gmail.com | C6: 2025-09-01T06:50:01.842Z
A7: cN5x1ezVF1TcYvLNoC72SdR4Buib5b7epk5hEteucKLkEmg6 | B7: biznesistorii@gmail.com | C7: 2025-09-01T06:53:08.102Z
A8: qUE9H8JdzSMjfkdjecuFijwrG2CqGaockRVQRtS5yITQaLRj | B8: biznesistorii@gmail.com | C8: 2025-09-01T13:36:29.937Z
A9: 1BeXgkRYXXmwR3hFpZsGAi29496QIWb7q2LGRUBayZwQpGBX | B9: biznesistorii@gmail.com | C9: 2025-09-02T08:25:14.147Z
A10: i6HwhwwTUP98gxkGqWTZl4ZCydBBw9lch0RhD2UdRvFn5TRs | B10: biznesistorii@gmail.com | C10: 2025-09-02T08:51:57.482Z
A11: 6G7ZyCDKhjWydft6ZpluEqxkZ6kWPh5vN0XhrMdURqh6mshh | B11: biznesistorii@gmail.com | C11: 2025-09-02T11:25:40.759Z
A12: ER9dFr5YHyT20zkA2RskQtgTsEnEwsT0Hkp1UFrJhKOXye9J | B12: biznesistorii@gmail.com | C12: 2025-09-02T11:37:28.466Z
... A333: ngzw315rcOGsw9qlyNOHm8NB3OnYJwi1aSoeKjPWQobrguVp | B333: potapowvad@gmail.com | C333: 2026-02-16T06:53:29.703Z
